Date,Symbol,Exchange,Outstanding Shares,Market Cap,Gap%,Avg Prev 3 Day Volume,PM Trades,PM Volume,PM Dollar Volume,Daily  Trades,Daily Volume,Daily Dollar Volume,PM Whale Ratio,Daily Whale Ratio,PM Supply Rotations,Daily Supply Rotations,PM Mkt Cap Rotations,Daily Mkt Cap Rotations,High to Close %,Low to Close %,Open to Close %,Overnight%,Long Optimal,Positive Open to Close,Positive Overnight,Minutes Open to HOD,Minutes Open to LOD,Macro Regime
2008-01-24,MBRK,NASDAQ,46748748,58435935.0,178.4,139740.33,2133,2366323,7898848.47,23116,16776313,55121279.91,1109.39,725.74,0.05,0.36,0.14,0.94,-22.52,2.85,-16.95,-2.08,0,0,0,-40,-148,0.0
2008-12-01,MNT,NYSE,34342362,554629146.3,89.6,300810.0,1412,1589410,48426906.94,32634,24985865,764677808.72,1125.64,765.64,0.05,0.73,0.09,1.38,-0.65,0.26,-0.13,-0.33,0,0,0,-89,-89,0.0
2008-12-22,NVD,NYSE,68692260,21981523.2,134.38,6606320.0,1044,1808057,1657708.82,12129,17838081,12392365.16,1731.86,1470.7,0.03,0.26,0.08,0.56,-47.73,2.22,-38.67,6.52,0,0,1,-85,-87,0.0
2009-02-03,PDGI,NASDAQ,19325934,25896751.56,249.25,236240.0,779,1005191,4728533.27,19823,10831189,50340322.5,1290.36,546.4,0.05,0.56,0.18,1.94,-2.01,2.88,-0.85,0.22,1,0,1,-29,4,0.0
2009-04-14,CEGE,NASDAQ,86809651,30383377.85,71.43,1325561.33,1846,2421844,1534086.59,11494,15463673,8327443.54,1311.94,1345.37,0.03,0.18,0.05,0.27,-31.11,4.61,-26.67,9.09,0,0,1,-29,-145,0.0
2009-06-01,KERX,NASDAQ,47800511,33460357.7,88.57,9031728.33,1372,1035089,1549710.56,18298,19607477,25155890.39,754.44,1071.56,0.02,0.41,0.05,0.75,-15.86,8.93,-7.58,8.2,0,0,1,-191,82,0.0
2009-07-20,HGSI,NASDAQ,136056184,451706530.88,228.01,24563627.0,26324,9916244,106513933.64,399787,122835161,1327467063.93,376.7,307.25,0.07,0.9,0.24,2.94,-0.4,37.47,14.88,-1.04,1,1,0,389,-314,0.0
2009-07-20,CIT,NYSE,288382912,201868038.4,85.71,325249726.33,23242,37298248,48284391.02,234058,351975767,456514952.39,1604.78,1503.8,0.13,1.22,0.24,2.26,-13.19,7.77,-3.85,10.4,0,0,1,-163,6,0.0
2009-08-11,AVNR,NASDAQ,78244987,171356521.53,73.52,500232.0,3457,1840345,7058180.47,55483,29808780,100910126.92,532.35,537.26,0.02,0.38,0.04,0.59,-30.56,1.43,-25.26,-0.7,0,0,0,-138,389,0.0
2009-12-23,CGEN,NASDAQ,28512440,80975329.6,72.54,85720.33,6385,2300362,9683308.8,59016,25583037,123527846.24,360.28,433.49,0.08,0.9,0.12,1.53,-17.74,6.0,-6.33,-4.79,0,0,0,39,-96,0.0
2010-03-31,ARQL,NASDAQ,44729014,156551549.0,72.57,91883.0,6080,3303563,19643599.97,142780,47352391,311377972.11,543.35,331.65,0.07,1.06,0.13,1.99,-23.63,0.18,-5.3,-0.17,0,0,0,117,-120,0.0
2010-04-08,RPC,NYSE,22682118,8619204.84,131.58,3684294.0,3680,3055390,2722304.95,17834,20318340,16625307.27,830.27,1139.3,0.13,0.9,0.32,1.93,-32.21,4.44,-19.89,13.48,0,0,1,-61,-90,0.0
2010-11-01,AVNR,NASDAQ,95965572,232236684.24,134.3,9971560.67,15064,7626895,41691113.02,132514,55469844,284145935.91,506.3,418.6,0.08,0.58,0.18,1.22,-17.24,2.78,-15.34,0.0,0,0,0,-86,326,0.0
2010-12-17,ITMN,NASDAQ,55283056,788889209.12,97.83,628708.0,13739,3404841,100769065.34,142529,34653870,1110364964.71,247.82,243.14,0.06,0.63,0.13,1.41,-1.3,28.13,23.59,6.05,1,1,1,387,-200,0.0
2011-04-07,XNPT,NASDAQ,35357000,225577660.0,74.14,1988096.33,6774,3995688,43261886.92,69397,26502314,276425090.68,589.86,381.89,0.11,0.75,0.19,1.23,-12.17,2.57,-10.35,-1.91,0,0,0,-64,37,0.0
2011-04-11,GLBC,NASDAQ,60497709,895366093.2,78.31,129358.67,2520,1559688,40570021.23,62832,17105439,413564018.0,618.92,272.24,0.03,0.28,0.05,0.46,-5.77,9.66,-5.38,-0.84,1,0,0,-24,-90,0.0
2011-06-20,HRBN,NASDAQ,31250820,262131878.16,71.79,7486224.0,7919,1987473,29714625.81,56359,15269216,205260700.79,250.98,270.93,0.06,0.49,0.11,0.78,-7.87,14.4,-7.36,3.07,1,0,1,-118,-139,0.0
2011-10-11,BBND,NASDAQ,72190000,91681300.0,74.02,182293.0,2582,15118917,33454922.82,8797,34102440,75451560.94,5855.51,3876.6,0.21,0.47,0.36,0.82,0.0,0.45,0.45,0.0,1,1,0,-87,-109,3.0
2011-10-17,ANDS,NASDAQ,57176285,59463336.4,251.92,651496.67,3515,6386299,23410756.49,21259,45883256,167572460.58,1816.87,2158.3,0.11,0.8,0.39,2.82,-0.54,0.27,-0.27,0.27,0,0,1,-125,-148,3.0
2011-10-24,ADLR,NASDAQ,46601704,89475271.68,132.29,164779.33,4174,3540812,15892547.48,25214,14067505,62820014.27,848.3,557.92,0.08,0.3,0.18,0.7,-0.64,7.11,4.71,-1.93,1,1,0,-106,-120,3.0
2011-10-26,LNG,NYSE,82843733,507003645.96,74.51,1876361.0,8219,3014100,30947812.38,121549,32580460,322560721.16,366.72,268.04,0.04,0.39,0.06,0.64,-5.75,20.7,-3.37,-0.78,1,0,0,-21,-86,3.0
2011-11-03,MDVN,NASDAQ,34910494,144267616.46,122.14,329383.0,6033,2290188,85075901.76,66456,14324999,530776325.01,379.61,215.56,0.07,0.41,0.59,3.68,-1.66,15.85,8.25,289.64,1,1,1,-97,-124,3.0
2011-11-04,INHX,NASDAQ,78293482,310042188.72,96.72,682712.33,10381,5079028,44283116.08,86916,29642315,255908247.27,489.26,341.05,0.06,0.38,0.14,0.83,-9.63,12.66,9.63,13.0,1,1,1,-37,-90,3.0
2011-12-07,TLB,NYSE,70507286,109991366.16,73.08,2723200.33,2434,1322876,3630259.77,33601,14289979,36530540.35,543.5,425.28,0.02,0.2,0.03,0.33,-3.64,10.88,-1.85,-4.53,1,0,0,-83,37,3.0
2012-01-09,INHX,NASDAQ,78293482,772756667.34,140.22,3376312.33,17245,10827216,263144004.98,104605,34525527,827061748.01,627.85,330.06,0.14,0.44,0.34,1.07,-1.58,0.64,-0.04,0.0,0,0,0,-154,13,3.0
2012-04-30,BKS,NYSE,60195555,539629881.38,88.52,930186.33,13730,4397452,116189345.05,113394,29607771,688944559.03,320.28,261.11,0.07,0.49,0.22,1.28,-20.19,0.48,-19.54,53.78,0,0,1,-106,389,3.0
2012-05-31,TLB,NYSE,70275103,90654882.87,100.39,8162261.67,7533,15815805,40896009.65,43258,48315663,121622414.63,2099.54,1116.92,0.23,0.69,0.45,1.34,-5.79,3.83,-5.61,-1.64,0,0,0,-90,-90,3.0
2012-09-18,DITC,NASDAQ,26894963,21728440.61,75.76,7673.0,349,1146500,1638877.0,4307,12716209,18058941.77,3285.1,2952.45,0.04,0.47,0.08,0.83,-1.4,0.0,-0.7,0.71,0,0,1,-34,163,3.0
2012-10-03,SRPT,NASDAQ,24302261,364290892.39,111.67,2138167.0,9963,2724793,87356953.8,136282,27916939,1059955460.02,273.49,204.85,0.11,1.15,0.24,2.91,-0.16,53.55,41.6,-7.19,1,1,0,389,-150,3.0
2012-11-27,ACAD,NASDAQ,56621575,130229622.5,182.61,1950369.0,20673,8576574,54874094.63,130053,60156445,344964896.3,414.87,462.55,0.15,1.06,0.42,2.65,-16.91,7.31,-16.46,-9.39,0,0,0,-41,-131,3.0
2013-06-24,STEC,NASDAQ,46832203,168127608.77,87.33,568323.67,1829,2044616,13744871.27,21275,20866336,140109393.04,1117.89,980.79,0.04,0.45,0.08,0.83,-0.45,0.15,-0.22,0.3,0,0,1,-20,-60,3.0
2013-07-15,LEAP,NASDAQ,79180726,631862193.48,115.91,2739464.0,10592,7107818,122642711.36,90831,33654419,575487328.59,671.06,370.52,0.09,0.43,0.19,0.91,-1.74,1.25,-1.63,-0.77,0,0,0,-65,-111,3.0
2013-09-25,MAKO,NASDAQ,47027327,760431877.59,82.37,560667.0,19465,12206605,361080205.06,84057,46049266,1359506468.93,627.11,547.83,0.26,0.98,0.47,1.79,-0.44,0.03,-0.1,-0.03,0,0,0,-60,-60,3.0
2013-11-07,GERN,NASDAQ,128967411,438830517.39,101.39,2705217.33,7739,3489180,24571694.35,120612,48498214,303461034.5,450.86,402.1,0.03,0.38,0.06,0.69,-33.12,0.58,-28.14,3.16,0,0,1,-5,-59,3.0
2013-11-12,VNDA,NASDAQ,33190106,225294439.53,79.29,2407147.33,6501,1824653,22483225.88,82904,21663894,270149110.24,280.67,261.31,0.05,0.65,0.1,1.2,-1.41,20.14,9.29,-2.63,1,1,0,382,-92,3.0
2014-03-21,ECYT,NASDAQ,36180617,529684232.88,127.39,772455.67,8728,2778702,92473998.53,83114,15995762,479960909.1,318.37,192.46,0.08,0.44,0.17,0.91,-16.41,8.85,-15.38,1.81,0,0,1,-35,-60,3.0
2014-05-23,PTCT,NASDAQ,30074453,460740619.96,80.74,158196.0,6395,1256095,39159411.38,55935,10198878,247535292.86,196.42,182.33,0.04,0.34,0.08,0.54,-30.33,1.16,-27.66,1.0,0,0,1,-82,-119,3.0
2014-12-31,NRX,NASDAQ,8862114,41208830.1,179.57,14747.33,4271,1011913,13849067.39,114557,23606351,356847075.93,236.93,206.07,0.11,2.66,0.34,8.66,-25.75,5.95,2.69,-8.54,0,1,0,28,-138,3.0
2015-08-10,AQXP,NASDAQ,10727221,111777642.82,70.73,20818957.0,6367,1585913,27036440.75,109713,18091087,525256614.55,249.08,164.89,0.15,1.69,0.24,4.7,-66.13,7.52,6.13,48.31,0,1,1,41,-315,3.0
2015-08-12,CERE,NASDAQ,6032222,5746294.68,310.46,215135.0,7856,2920922,9448938.57,67479,22031345,70855799.12,371.81,326.49,0.48,3.65,1.64,12.33,-57.08,0.0,-47.31,-5.83,0,0,0,0,-89,3.0
2015-08-19,HILL,NASDAQ,62332870,322884266.6,87.07,441716.67,3504,13399729,129965329.39,60815,48335241,468389705.78,3824.12,794.79,0.21,0.78,0.4,1.45,-0.21,0.0,-0.1,0.0,0,0,0,-111,-210,3.0
2015-09-10,ENVI,NASDAQ,27857201,52928681.9,114.21,531297.67,745,1792509,7295286.69,7726,12261887,49819681.09,2406.05,1587.09,0.06,0.44,0.14,0.94,-0.25,0.25,-0.25,0.12,1,0,1,-124,-160,3.0
2015-09-17,AERI,NASDAQ,25692144,462458592.0,80.56,1096954.0,6901,1775570,61909143.49,95478,17467500,542687000.01,257.29,182.95,0.07,0.68,0.13,1.17,-9.53,4.52,-7.45,-3.46,0,0,0,-77,24,3.0
2015-10-19,WTW,NYSE,57210597,388459953.63,76.58,688936.0,23288,7559837,90907312.64,273838,71382652,930200882.58,324.62,260.67,0.13,1.25,0.23,2.39,-7.75,29.37,16.1,8.41,1,1,1,292,-178,3.0
2015-10-20,ERII,NASDAQ,52257286,128552923.56,188.21,128776.67,5998,1868941,12341602.21,82974,22117485,152848211.93,311.59,266.56,0.04,0.42,0.1,1.19,-10.29,20.0,3.24,2.46,1,1,1,2,-107,3.0
2015-11-10,SPHS,NASDAQ,16844736,14508371.12,284.3,120767.67,3668,1717936,6280330.39,61548,25200024,69222210.7,468.36,409.44,0.1,1.5,0.43,4.77,-22.04,34.88,-12.39,-3.45,1,0,0,-26,-8,3.0
2016-03-15,CPXX,NASDAQ,34944150,58706172.0,385.12,3021632.67,8224,3729666,32542113.23,126979,39443694,310324019.3,453.51,310.63,0.11,1.13,0.55,5.29,-1.76,38.82,9.69,-4.59,1,1,0,-97,38,3.0
2016-03-17,VTAE,NASDAQ,22079610,90747197.1,81.51,857525.67,3943,1281476,9594437.13,84479,23072925,169431934.1,325.0,273.12,0.06,1.04,0.11,1.87,-18.97,4.3,-8.98,7.07,0,0,1,-128,143,3.0
2016-05-05,SYNC,NASDAQ,29999006,42298598.46,170.21,411911.67,5558,2252680,7794522.22,82120,25592662,88041295.05,405.3,311.65,0.08,0.85,0.18,2.08,-8.54,20.93,-4.46,-4.95,1,0,0,0,-301,3.0
2016-05-09,MGT,NYSE,18098221,6600421.2,75.49,125225.33,1179,1259530,786843.75,10827,10117331,5439941.61,1068.3,934.45,0.07,0.56,0.12,0.82,-27.94,15.84,-23.44,9.8,0,0,1,-42,50,3.0
2016-05-10,CCXI,NASDAQ,44290506,93010062.6,80.0,100246.0,2687,1075909,4546255.28,39218,15142423,47354208.86,400.41,386.11,0.02,0.34,0.05,0.51,-23.92,10.74,-20.9,1.0,0,0,1,-87,105,3.0
2016-05-31,CPXX,NASDAQ,42470256,744503587.68,71.19,1425777.67,8777,9791153,293977885.9,77466,38250460,1146680465.11,1115.55,493.77,0.23,0.9,0.39,1.54,-0.07,0.87,0.23,-0.27,1,1,0,-306,-330,3.0
2016-06-10,SPHS,NASDAQ,20816164,24354911.88,138.46,1273525.0,4515,2140064,5473925.72,67985,31898963,76172116.56,473.99,469.21,0.1,1.53,0.22,3.13,-34.0,4.21,-29.03,-4.55,0,0,0,-186,379,3.0
2016-06-27,HTWR,NASDAQ,17540557,525865898.86,91.93,153279.0,2154,1632543,94007673.24,39079,10298053,592866307.78,757.91,263.52,0.09,0.59,0.18,1.13,-0.22,0.59,0.43,-0.16,1,1,0,354,-123,3.0
2016-07-27,SQNM,NASDAQ,119243357,101440323.8,180.36,375741.67,2898,7533789,17980119.73,28595,40718435,96575646.68,2599.65,1423.97,0.06,0.34,0.18,0.95,-1.67,0.43,-1.47,0.0,0,0,0,-118,-151,3.0
2016-09-14,VTAE,NASDAQ,28841067,233612642.7,156.91,180656.67,8386,12761912,266284883.73,39140,33714164,703323391.25,1521.81,861.37,0.44,1.17,1.14,3.01,-0.57,0.19,0.19,0.0,0,1,0,-58,-60,3.0
2016-09-22,HTCH,NASDAQ,33922004,50543785.96,166.44,136904.33,911,2563228,10175776.82,11801,14553511,57769113.89,2813.64,1233.24,0.08,0.43,0.2,1.14,-0.25,0.25,0.0,-0.25,1,0,0,-56,-60,3.0
2016-11-10,TUBE,NASDAQ,36775785,282070270.95,82.01,440089.33,2563,5628761,78660905.14,37185,28514458,397216473.62,2196.16,766.83,0.15,0.78,0.28,1.41,-0.14,0.43,-0.14,-0.14,1,0,0,-53,13,3.0
2016-11-17,RLOG,NASDAQ,18569186,20210702.04,104.89,993045.67,7217,3327080,6992357.13,69260,24470984,48367251.47,461.01,353.32,0.18,1.32,0.35,2.39,-49.15,13.64,-32.74,-14.0,0,0,0,4,229,3.0
2017-02-28,ROX,NYSE,160970167,117492124.89,80.85,118686.67,2652,1385598,1892811.9,30722,14047042,16185381.06,522.47,457.23,0.01,0.09,0.02,0.14,-28.28,4.93,-21.21,3.85,0,0,1,-38,-90,2.0
2017-03-06,TGTX,NASDAQ,56908544,304460710.4,91.59,391656.33,4129,1485024,13618975.38,116667,33774450,343439890.94,359.66,289.49,0.03,0.59,0.04,1.13,-12.07,12.09,-0.49,2.94,1,0,1,4,-56,2.0
2017-04-05,PLUG,NASDAQ,191185084,248540609.2,83.08,3355781.33,17108,10057720,23074067.36,228924,137143260,298973330.27,587.9,599.08,0.05,0.72,0.09,1.2,-6.25,17.8,-5.46,5.56,1,0,1,-144,-150,2.0
2017-04-20,IMNP,NASDAQ,9715000,23704600.0,88.93,486779.67,3614,1416878,6069824.42,58141,19754347,79868825.56,392.05,339.77,0.15,2.03,0.26,3.37,-27.29,7.04,-20.82,0.55,0,0,1,1,-90,2.0
2017-09-05,INSM,NASDAQ,62377916,766624587.64,140.03,444225.67,9164,2181372,57249472.46,137099,27380837,723226794.43,238.04,199.72,0.03,0.44,0.07,0.94,-8.57,12.46,-8.51,-4.04,1,0,0,-1,-148,2.0
2017-09-15,MRTX,NASDAQ,24969783,118606469.25,107.37,282113.0,5274,1991807,17966151.14,176536,48767486,530441513.18,377.67,276.25,0.08,1.95,0.15,4.47,-9.68,22.4,13.71,1.79,1,1,1,88,-169,2.0
2017-09-28,ZYNE,NASDAQ,13257279,82062557.01,78.51,357388.0,7496,2143950,23988821.82,60678,13681463,141486033.76,286.01,225.48,0.16,1.03,0.29,1.72,-16.31,0.64,-14.57,6.99,0,0,1,-102,-180,2.0
2017-09-29,ZGNX,NASDAQ,24841080,319828905.0,144.27,1064245.0,10795,2903817,96428900.15,157135,29158306,946052487.1,269.0,185.56,0.12,1.17,0.3,2.96,-6.66,28.86,11.45,4.14,1,1,1,-116,79,2.0
2017-10-04,RGSE,NASDAQ,7480906,6134342.92,186.59,78115.67,4289,1879388,3824084.22,130804,53490911,144791587.41,438.19,408.94,0.25,7.15,0.62,23.6,-27.08,33.15,0.85,10.97,1,1,1,236,-76,2.0
2017-11-09,OTIC,NASDAQ,30337119,84943933.2,105.36,1734091.67,3639,1500547,9133651.11,73582,27974222,150473979.98,412.35,380.18,0.05,0.92,0.11,1.77,-14.58,13.89,-10.87,-4.39,0,0,0,-176,7,2.0
2017-12-18,OTIV,NASDAQ,41134378,42368409.34,92.23,410089.33,5581,3089685,7618701.25,122135,52864146,113107523.46,553.61,432.83,0.08,1.29,0.18,2.67,-6.53,37.95,15.66,14.41,1,1,1,-55,-59,2.0
2017-12-18,BETR,NYSE,76745948,537221636.0,70.71,2437872.0,4553,23080325,275969708.77,36282,56903528,680232563.93,5069.26,1568.37,0.3,0.74,0.51,1.27,0.0,0.67,0.5,-0.33,1,1,0,-124,-107,2.0
2017-12-21,LTEA,NASDAQ,9755607,23803681.08,225.82,379261.33,5777,1464840,15102891.59,66522,15084305,115328304.78,253.56,226.76,0.15,1.55,0.63,4.84,-27.19,12.72,-13.08,-19.25,0,0,0,-38,-61,2.0
2017-12-27,WATT,NASDAQ,22213689,196369010.76,96.27,529973.33,7100,1614097,27620240.29,214190,42030722,792545818.08,227.34,196.23,0.07,1.89,0.14,4.04,-1.66,54.9,36.6,20.59,1,1,1,384,60,2.0
2018-01-19,FORD,NASDAQ,8850830,10975029.2,109.68,281895.0,2647,1335817,3127710.49,198360,58325397,194531809.82,504.65,294.04,0.15,6.59,0.28,17.72,-33.71,26.61,13.46,-10.17,0,1,0,36,-203,2.0
2018-02-14,FOSL,NASDAQ,48643000,439732720.0,78.43,3689975.67,6358,2467842,39596052.1,161014,42096456,668677712.09,388.15,261.45,0.05,0.87,0.09,1.52,-5.72,22.97,5.21,-2.83,1,1,0,352,87,2.0
2018-05-25,VTGN,NASDAQ,22902615,22215536.55,72.16,567377.0,4406,2781107,4705718.37,58181,27963164,44175293.88,631.21,480.62,0.12,1.22,0.21,1.99,-16.48,4.26,-11.98,-2.72,0,0,0,-104,-147,2.0
2018-06-06,AXON,NASDAQ,107788074,1509033036.0,109.14,3949279.67,15394,8060545,26229741.32,347218,113671263,449794862.54,523.62,327.38,0.07,1.05,0.02,0.3,-1.88,39.14,24.32,-83.93,1,1,0,32,-201,2.0
2018-06-12,GLMD,NASDAQ,14435161,101046127.0,262.0,63576.33,11700,2643862,56241063.76,98871,16404833,348475623.22,225.97,165.92,0.18,1.14,0.56,3.45,-35.0,0.4,-30.58,0.68,0,0,1,-5,-148,2.0
2018-07-05,ANW,NYSE,39403822,24824407.86,158.73,872482.0,4266,2394129,3831625.66,70808,38784723,62273597.09,561.21,547.74,0.06,0.98,0.15,2.51,-0.98,66.39,24.54,-1.48,1,1,0,389,-88,2.0
2018-07-05,DFBG,NASDAQ,14079480,43505593.2,102.91,912902.67,5524,1639015,9809959.78,56025,14639436,83792856.1,296.71,261.3,0.12,1.04,0.23,1.93,-29.46,1.88,-22.49,2.88,0,0,1,11,-149,2.0
2018-07-09,MBVX,NASDAQ,9253081,5459317.79,247.46,129174.33,2878,1181645,2282260.51,58870,22120691,46293692.39,410.58,375.75,0.13,2.39,0.42,8.48,-42.75,4.29,-28.78,-6.85,0,0,0,10,-90,2.0
2018-08-28,AFMD,NASDAQ,62390068,99824108.8,162.5,1147064.0,4280,2427648,10424527.38,82766,37457610,176520521.19,567.21,452.57,0.04,0.6,0.1,1.77,-2.63,44.16,32.14,19.82,1,1,1,389,24,2.0
2018-09-07,NLST,NASDAQ,111311243,16362752.72,117.41,5874040.0,5190,6883346,2382884.39,49284,54450278,17859264.45,1326.27,1104.83,0.06,0.49,0.15,1.09,-29.5,3.3,-11.76,52.48,0,0,1,-12,-152,2.0
2018-09-18,VKTX,NASDAQ,60657794,630234479.66,91.77,1915750.67,19916,6305440,144845504.6,260893,51712841,1073220361.01,316.6,198.21,0.1,0.85,0.23,1.7,-18.92,7.75,-2.33,2.16,0,0,1,-81,-115,2.0
2018-11-23,TIS,NYSE,10670348,7255836.64,211.76,716169.67,3353,1268355,2785909.1,53036,15201984,28928561.51,378.27,286.64,0.12,1.42,0.38,3.99,-25.93,18.42,-15.09,-5.56,0,0,0,-56,129,2.0
2019-01-07,AXSM,NASDAQ,30087213,79129370.19,168.82,317883.33,9181,2857506,19646222.17,192091,51674498,381235364.95,311.24,269.01,0.09,1.72,0.25,4.82,-22.72,19.27,-2.83,18.05,0,0,1,160,-178,2.0
2019-01-11,FTK,NYSE,57342279,80852613.39,102.84,899091.33,5867,3245686,9048516.96,65690,22412605,60607247.24,553.21,341.19,0.06,0.39,0.11,0.75,-4.83,9.52,-3.5,-2.54,1,0,0,-29,-164,2.0
2019-01-29,OCX,NYSE,40664000,74008480.0,124.73,29676.0,6904,2220781,8458367.42,170184,44582575,245533430.77,321.67,261.97,0.05,1.1,0.11,3.32,-14.6,63.26,44.5,-5.25,1,1,0,300,-148,2.0
2019-01-30,CODX,NASDAQ,12923383,14417326.07,190.43,125707.33,6092,2556754,6640911.91,121047,35087859,102375105.08,419.69,289.87,0.2,2.72,0.46,7.1,-40.58,6.16,-30.86,-30.8,0,0,0,17,-165,2.0
2019-02-06,MGNX,NASDAQ,42353301,470545174.11,164.36,779026.33,20532,4759286,118403908.38,152597,25949913,689636754.77,231.8,170.06,0.11,0.61,0.25,1.47,-20.79,4.07,-12.84,2.15,0,0,1,1,-180,2.0
2019-02-21,IMDZ,NASDAQ,48210520,68458938.4,309.86,267830.0,3175,10554977,61497899.87,25075,27030829,157291857.34,3324.4,1078.0,0.22,0.56,0.9,2.3,-0.17,0.34,0.0,-0.17,1,0,0,-152,-165,2.0
2019-02-26,FTNW,NYSE,12286847,13392663.23,211.93,346576.67,5052,1636263,5449118.8,91989,31534920,96539010.93,323.88,342.81,0.13,2.57,0.41,7.21,-47.75,5.94,-31.76,-3.02,0,0,0,1,-60,2.0
2019-03-04,YRIV,NASDAQ,172532565,77950212.87,119.12,3869114.33,5887,5544384,5672597.87,50724,41820177,40255691.72,941.8,824.47,0.03,0.24,0.07,0.52,-34.17,2.69,-22.2,-2.62,0,0,0,-14,-177,2.0
2019-03-08,SEEL,NASDAQ,6221984,18914831.36,103.95,24144679.67,16469,6922981,37283389.67,163640,53268442,254035615.83,420.36,325.52,1.11,8.56,1.97,13.43,-54.74,2.42,-45.32,-11.5,0,0,0,-278,317,2.0
2019-03-14,ATOS,NASDAQ,5846552,8828293.52,207.95,54847.33,16810,5552514,24992978.02,291860,92368579,503258496.55,330.31,316.48,0.95,15.8,2.83,57.01,-4.33,64.42,52.04,-24.19,1,1,0,384,-60,2.0
2019-03-18,DARE,NASDAQ,11422161,10508388.12,195.65,125284.33,6722,3652044,8074573.48,126672,49863790,120210127.7,543.3,393.64,0.32,4.37,0.77,11.44,-35.38,31.25,-22.79,-11.9,0,0,0,10,-90,2.0
2019-03-18,DERM,NASDAQ,42328167,289524662.28,95.32,1466874.33,6593,2540810,31023380.58,159990,43068383,558973002.81,385.38,269.19,0.06,1.02,0.11,1.93,-15.43,11.59,-5.61,1.11,0,0,1,-134,-150,2.0
2019-03-21,SPI,NASDAQ,7914125,20655866.25,162.45,21672.0,6423,1818356,10756463.24,57932,13836309,73877220.42,283.1,238.84,0.23,1.75,0.52,3.58,-42.62,4.48,-38.69,-1.19,0,0,0,0,-148,2.0
2019-03-25,CRIS,NASDAQ,33150780,47405615.4,84.62,163482.33,4708,2065862,5537773.76,50419,19891535,42913047.37,438.8,394.52,0.06,0.6,0.12,0.91,-28.68,6.78,-28.41,-2.65,0,0,0,-52,-75,2.0
2019-03-26,ALDX,NASDAQ,27395425,195603334.5,70.87,307346.67,9119,2591298,29840741.11,96825,21772637,233569246.84,284.16,224.87,0.09,0.79,0.15,1.19,-24.08,3.85,-20.41,-2.27,0,0,0,-116,365,2.0
2019-04-18,MBIO,NASDAQ,27561433,73313411.78,200.0,469581.67,11589,3767338,29805576.72,163874,37568580,261738321.99,325.08,229.25,0.14,1.36,0.41,3.57,-44.71,4.25,-29.32,-1.24,0,0,0,-326,357,2.0
2019-05-06,AMTX,NASDAQ,20375437,17726630.19,75.86,21591.0,5470,2989364,4289289.03,92328,31325923,43283898.19,546.5,339.29,0.15,1.54,0.24,2.44,-24.12,6.61,-15.69,-6.98,0,0,0,1,-120,2.0
2019-06-03,GNCA,NASDAQ,14050092,78821016.12,96.08,2697218.67,9016,2595437,25387177.14,96064,18351399,167782154.55,287.87,191.03,0.18,1.31,0.32,2.13,-40.51,2.13,-39.0,-8.79,0,0,0,-42,-219,2.0
2019-06-10,PRVB,NASDAQ,37361562,162522794.7,148.05,168401.67,4875,1205847,13440844.45,150132,26438168,400155951.92,247.35,176.1,0.03,0.71,0.08,2.46,-39.57,41.44,27.8,8.85,1,1,1,55,-213,2.0
2019-06-12,INSY,NASDAQ,74569163,10588821.15,125.35,11474190.33,3554,6003616,1611441.88,81761,82303304,38670831.48,1689.26,1006.63,0.08,1.1,0.15,3.65,-54.05,6.92,6.25,25.59,0,1,1,40,-146,2.0
2019-06-18,MGI,NASDAQ,56390754,81766593.3,152.41,1791566.67,9098,4023748,14361489.8,161164,54240273,177248113.28,442.27,336.55,0.07,0.96,0.18,2.17,-1.02,40.58,6.01,-13.4,1,1,0,-322,30,2.0
2019-06-19,MLNT,NASDAQ,11779897,23324196.06,130.3,292551.0,13226,4788837,18259980.39,337832,85823586,472916195.4,362.08,254.04,0.41,7.29,0.78,20.28,-11.83,70.03,40.57,17.47,1,1,1,321,-120,2.0
2019-06-21,LGCY,NASDAQ,114812812,6108041.6,87.97,39891767.33,3111,10581288,1153287.01,53016,130828612,13990640.94,3401.25,2467.72,0.09,1.14,0.19,2.29,-32.0,7.59,-15.0,-14.12,0,0,0,-145,-330,2.0
2019-06-24,HLTH,NYSE,78250469,10477737.8,90.37,1572027.67,1798,3174120,896315.87,14975,20353447,4436233.85,1765.36,1359.16,0.04,0.26,0.09,0.42,-38.06,7.96,-29.78,-5.03,0,0,0,-202,53,2.0
2019-07-18,CODX,NASDAQ,17115766,15318610.57,110.06,428087.67,10211,4966468,9278080.75,65641,26881941,43185340.7,486.38,409.53,0.29,1.57,0.61,2.82,-42.5,3.6,-38.83,-0.87,0,0,0,-170,-180,2.0
2019-07-22,TRNX,NASDAQ,81664203,128445950.01,81.2,26956149.67,12755,18206810,10728874.14,91108,100124293,55529718.1,1427.43,1098.96,0.22,1.23,0.08,0.43,-13.49,15.15,-4.39,-81.87,1,0,0,-106,-201,2.0
2019-08-08,CVRS,NYSE,208137406,503692522.52,75.62,1661177.0,4444,17393582,74142757.75,63954,77926829,332145648.28,3913.95,1218.48,0.08,0.37,0.15,0.66,-0.47,1.42,0.71,-0.23,1,1,0,-159,-292,2.0
2019-08-13,DCPH,NASDAQ,38215108,762391404.6,115.04,361777.33,7584,1589108,68001465.46,78549,11029667,424324829.15,209.53,140.42,0.04,0.29,0.09,0.56,-16.49,3.91,-16.32,1.2,0,0,1,-71,-114,2.0
2019-08-29,ROX,NYSE,170282894,113425435.69,87.66,737005.67,913,4194457,5294967.18,19232,31362158,39592221.5,4594.15,1630.73,0.02,0.18,0.05,0.35,-0.79,0.8,0.8,0.0,1,1,0,-271,-312,2.0
2019-09-03,CDTX,NASDAQ,26767989,44970221.52,78.57,179757.67,6249,2424612,7033086.82,55899,17029812,46115434.12,388.0,304.65,0.09,0.64,0.16,1.03,-23.95,0.43,-21.67,0.43,0,0,1,-146,-204,2.0
2019-09-16,ALDR,NASDAQ,83637234,841390574.04,83.7,667726.33,5182,8692313,159236676.63,104007,49581586,912953105.76,1677.41,476.71,0.1,0.59,0.19,1.09,-2.01,0.87,0.11,0.0,0,1,0,2,-330,2.0
2019-09-17,ACRS,NASDAQ,41368224,45505046.4,72.73,912928.0,6011,3388577,6424216.01,82194,33665039,62271876.05,563.73,409.58,0.08,0.81,0.14,1.37,-13.46,11.8,-5.26,-1.67,0,0,0,-212,37,2.0
2019-09-18,SPI,NASDAQ,7260672,16409118.72,73.01,13048.33,5450,1813324,6799337.26,61382,15138917,52528647.8,332.72,246.63,0.25,2.09,0.41,3.2,-6.0,24.5,-3.84,-9.84,1,0,0,-24,-150,2.0
2019-10-16,BNGO,NASDAQ,10897522,6000175.61,103.41,89241.0,8010,3472781,5570244.62,82170,34952901,78286934.49,433.56,425.37,0.32,3.21,0.93,13.05,-39.36,171.43,154.46,-29.12,1,1,0,219,-88,2.0
2019-10-16,ACHN,NASDAQ,139891000,510602150.0,74.79,1120214.0,13209,12968291,85032190.11,94955,46956147,297757265.89,981.78,494.51,0.09,0.34,0.17,0.58,-2.64,2.79,-1.72,-1.12,1,0,0,-180,-180,2.0
2019-10-28,ISEE,NASDAQ,41601639,38689524.27,98.92,88346.0,6111,3666675,6442666.66,71301,27382636,48282008.71,600.01,384.04,0.09,0.66,0.17,1.25,-14.57,7.59,-8.11,-5.88,0,0,0,-115,-180,2.0
2019-11-06,FCEL,NASDAQ,193608684,51867766.44,116.5,7626817.33,15033,25068781,12671412.5,142493,186323032,94573357.32,1667.58,1307.59,0.13,0.96,0.24,1.82,-14.29,27.96,-6.9,-7.41,1,0,0,-13,-329,2.0
2019-11-19,GNPX,NASDAQ,15847855,6129950.31,106.83,39580.0,1442,1039464,844775.43,22548,11639306,9465575.41,720.85,516.2,0.07,0.73,0.14,1.54,-43.12,12.71,-22.5,-14.35,0,0,0,5,-90,2.0
2019-11-19,MYOV,NYSE,89623564,543118797.84,120.63,325629.0,19879,8365773,89089555.77,342483,72789663,962491119.82,420.83,212.54,0.09,0.81,0.16,1.77,-24.75,24.59,-3.37,4.88,0,0,1,54,-128,2.0
2019-11-20,ARAV,NASDAQ,11316510,75707451.9,101.2,8432.67,11206,2137337,44225762.4,107385,14800985,196625149.84,190.73,137.83,0.19,1.31,0.58,2.6,-38.28,0.42,-28.38,-3.01,0,0,0,-78,-150,2.0
2019-11-26,CCXI,NASDAQ,58268567,469644650.02,332.01,1662728.33,8033,1743670,60217205.56,198969,29119354,916328461.7,217.06,146.35,0.03,0.5,0.13,1.95,-16.67,14.91,-11.75,-1.53,0,0,0,-149,144,2.0
2019-12-05,AUPH,NASDAQ,85500228,717346912.92,99.05,6269032.0,8095,2348147,40888488.96,207296,41629329,665796746.97,290.07,200.82,0.03,0.49,0.06,0.93,-14.19,1.69,-10.18,0.0,0,0,0,-172,5,2.0
2019-12-23,ITCI,NASDAQ,55261027,687447175.88,104.82,1854274.67,16338,4012244,93587146.37,467365,66484761,2208346793.83,245.58,142.25,0.07,1.2,0.14,3.21,-16.18,53.86,43.29,9.23,1,1,1,118,-147,2.0
2019-12-30,SVRA,NASDAQ,41210386,71293967.78,138.15,323939.67,16557,6273723,21698020.68,194780,55621731,216236860.3,378.92,285.56,0.15,1.35,0.3,3.03,-5.58,52.96,19.17,-8.35,1,1,0,384,-85,2.0
2020-01-03,LLEX,NYSE,91584460,30332773.15,81.16,3774428.33,2168,2248138,1367152.44,17845,13276404,6903953.14,1036.96,743.98,0.02,0.14,0.05,0.23,-26.54,12.38,-22.87,41.53,0,0,1,-109,-150,2.0
2020-01-13,DARE,NASDAQ,19683401,16492721.7,90.95,72854.0,14398,6425296,12487654.31,143508,58942288,111641488.79,446.26,410.72,0.33,2.99,0.76,6.77,-25.68,10.0,3.12,-7.88,0,1,0,-114,-150,2.0
2020-01-21,GNPX,NASDAQ,19268841,6936782.76,233.33,404873.0,7714,5441193,5616914.07,150263,53608134,72069549.11,705.37,356.76,0.28,2.78,0.81,10.39,-33.91,10.58,-4.17,60.0,0,0,1,53,-90,2.0
2020-01-23,CODX,NASDAQ,17342922,19597501.86,144.25,118923.67,9124,3640257,11173122.02,100102,36063123,81160083.02,398.98,360.26,0.21,2.08,0.57,4.14,-27.5,11.54,-26.45,-12.32,0,0,0,-156,319,2.0
2020-02-10,VTVT,NASDAQ,40918522,85928896.2,82.86,431021.33,8920,3344579,12610005.67,85679,23311584,82082402.08,374.95,272.08,0.08,0.57,0.15,0.96,-24.35,5.61,-16.67,-6.25,0,0,0,0,-330,2.0
2020-02-27,CODX,NASDAQ,24915876,221751296.4,98.88,36920857.33,16698,6157981,85839202.67,270367,58667167,917928062.14,368.79,216.99,0.25,2.35,0.39,4.14,-18.86,43.4,-9.83,35.78,1,0,1,20,-330,2.0
2020-02-28,ALT,NASDAQ,15312167,26949413.92,137.5,248106.33,9820,4084001,16499345.03,88734,26125314,100557271.8,415.89,294.42,0.27,1.71,0.61,3.73,-16.85,23.33,-11.48,2.7,1,0,1,-128,-286,2.0
2020-02-28,CORV,NASDAQ,55382228,16891579.54,83.93,24744229.33,5813,9735986,5151851.45,45463,54373335,25694336.42,1674.86,1195.99,0.18,0.98,0.3,1.52,-23.46,22.73,-18.0,-2.17,0,0,0,-14,-256,2.0
2020-03-18,BMRA,NASDAQ,10310355,24435541.35,164.98,19828.33,4256,1402955,7594600.35,172144,33787899,266144569.69,329.64,196.28,0.14,3.28,0.31,10.89,-5.5,86.93,64.01,92.23,1,1,1,378,-66,2.0
2020-03-19,BMRA,NASDAQ,10310355,106196656.5,92.23,11269215.67,5472,1477710,22651817.36,118234,19847768,348204285.02,270.05,167.87,0.14,1.93,0.21,3.28,-31.59,17.65,-19.19,-33.69,0,0,0,20,-158,2.0
2020-03-25,MFA,NYSE,453114714,652485188.16,100.0,26876234.0,7004,8715507,6079672.13,344244,227399358,237925786.59,1244.36,660.58,0.02,0.5,0.01,0.36,-20.83,78.13,58.33,-50.66,1,1,0,233,-155,2.0
2020-03-26,MFA,NYSE,453114714,2066203095.84,97.37,98001745.67,30315,20232520,41460580.23,618893,281779321,632418075.77,667.41,455.3,0.04,0.62,0.02,0.31,-41.38,3.66,-24.44,-71.62,0,0,0,213,-329,2.0
2020-03-31,VVUS,NASDAQ,10649000,10168730.1,312.61,203896.67,15463,5420984,18598480.29,220865,55374939,196496092.91,350.58,250.72,0.51,5.2,1.83,19.32,-20.88,31.87,-8.63,-53.33,1,0,0,-7,-147,2.0
2020-04-01,IFRX,NASDAQ,26105255,99722074.1,71.2,980708.0,9815,3487697,23297544.03,130911,27591357,165615673.16,355.34,210.76,0.13,1.06,0.23,1.66,-17.79,11.7,-12.39,-8.73,0,0,0,-279,128,3.0
2020-04-13,WORX,NASDAQ,7634561,17177762.25,186.67,57361.67,12002,3264235,20889164.66,525001,96182937,991168984.21,271.97,183.21,0.43,12.6,1.22,57.7,-19.22,120.55,86.36,-17.64,1,1,0,335,-90,3.0
2020-04-16,ATOS,NASDAQ,9130984,13970405.52,96.08,102544.33,6377,2475352,7596965.08,53462,15127097,38330540.43,388.17,282.95,0.27,1.66,0.54,2.74,-32.15,5.5,-29.67,-7.58,0,0,0,-82,-90,3.0
2020-04-16,EDNT,NASDAQ,8676501,9856977.33,197.01,124293.0,13878,5154546,22809232.57,129866,29248510,110090295.65,371.42,225.22,0.59,3.37,2.31,11.17,-50.58,2.39,-48.19,34.42,0,0,1,-89,-120,3.0
2020-04-21,WATT,NASDAQ,37952017,39659857.77,161.24,336849.33,23188,11391803,27312943.02,402774,123722955,388577806.24,491.28,307.18,0.3,3.26,0.69,9.8,-35.85,9.18,-2.01,0.56,0,0,1,87,-210,
2020-04-23,OAS,NASDAQ,324124592,92537571.02,72.68,35977634.33,10148,15211372,7965091.34,270564,342073097,205246663.23,1498.95,1264.3,0.05,1.06,0.09,2.22,-6.94,65.8,35.9,30.0,1,1,1,111,-330,
2020-04-23,CPAH,NASDAQ,6102927,13487468.67,95.93,213108.67,8898,2941522,11321161.99,87579,20020691,70447114.57,330.58,228.6,0.48,3.28,0.84,5.22,-37.56,6.04,-35.1,-3.91,0,0,0,0,-105,
2020-04-29,CAPR,NASDAQ,12464006,30038254.46,114.94,2177288.0,10030,3166838,17829189.92,876196,199350507,1475229965.51,315.74,227.52,0.25,15.99,0.59,49.11,-23.29,128.49,64.09,-14.12,1,1,0,213,-26,
2020-05-01,SPI,NASDAQ,14621125,13597646.25,82.8,673427.0,4064,1737140,2845234.37,43087,13142177,20820645.74,427.45,305.01,0.12,0.9,0.21,1.53,-32.98,7.69,-25.88,-12.7,0,0,0,-111,367,
2020-05-04,STML,NASDAQ,52472785,249245728.75,148.63,963488.0,3919,7041007,84417287.35,83702,33629566,404667561.06,1796.63,401.78,0.13,0.64,0.34,1.62,-1.98,2.5,2.5,-0.5,1,1,0,96,-120,
2020-05-04,MVIS,NASDAQ,130878000,58149095.4,101.22,42165393.33,16765,14865152,12125107.11,274736,206588186,195674771.12,886.68,751.95,0.11,1.58,0.21,3.37,-3.51,39.58,23.04,53.64,1,1,1,379,-330,
2020-05-05,PTLA,NASDAQ,78483617,609032867.92,130.03,1370307.33,8675,25652175,459301395.07,143512,99170813,1767805822.2,2957.02,691.03,0.33,1.26,0.75,2.9,-0.34,0.79,0.0,-0.28,1,0,0,-119,-90,
2020-05-07,IO,NYSE,15036648,25111202.16,101.8,390598.67,8201,2766628,8444362.35,249011,55303805,192356550.99,337.35,222.09,0.18,3.68,0.34,7.66,-39.45,3.53,-21.66,-2.65,0,0,0,12,-125,
2020-05-08,FTEK,NASDAQ,24636390,11569248.74,153.41,76892.0,9908,5997047,6163464.81,96870,44050644,46840023.24,605.27,454.74,0.24,1.79,0.53,4.05,-38.93,8.33,-23.53,-5.49,0,0,0,5,-306,
2020-05-12,CBAY,NASDAQ,68882459,126743724.56,149.46,4533362.0,16455,7975412,37215538.01,365691,88865005,395182527.78,484.68,243.01,0.12,1.29,0.29,3.12,-15.56,3.98,-8.93,2.39,0,0,1,-149,-327,
2020-05-21,XTNT,NYSE,13223565,8839953.2,314.36,384454.0,16315,7676553,17763209.91,94014,32038006,68707300.77,470.52,340.78,0.58,2.42,2.01,7.77,-50.29,14.47,-37.18,-8.62,0,0,0,20,-305,2.0
2020-05-22,NAVB,NYSE,21645425,27489689.75,145.67,898630.67,22059,9944701,29224727.14,286085,82536099,219760814.73,450.82,288.5,0.46,3.81,1.06,7.99,-30.57,7.52,-22.12,-4.12,0,0,0,2,-246,2.0
2020-05-22,XSPA,NASDAQ,86500160,134161748.16,99.23,20410395.67,30530,35561249,30887013.11,412405,352621103,315238211.2,1164.8,855.04,0.41,4.08,0.23,2.35,-24.14,20.51,-14.56,-62.69,0,0,0,1,-49,2.0
2020-06-02,WWR,NASDAQ,5916976,11833952.0,110.5,198037.33,10747,3186164,15115710.52,96739,24810216,85353614.5,296.47,256.47,0.54,4.19,1.28,7.21,-43.9,3.91,-43.23,-3.77,0,0,0,-65,-90,2.0
2020-06-03,HUGE,NASDAQ,114986127,356456993.7,351.61,7947.0,11625,2835809,30742241.72,99609,15805032,150099140.38,243.94,158.67,0.02,0.14,0.09,0.42,-47.21,4.82,-47.21,-6.5,0,0,0,30,-305,2.0
2020-06-04,VISL,NASDAQ,88276562,112552616.55,111.51,77574681.33,20608,23702433,18890699.71,452131,349043153,372706594.43,1150.16,772.0,0.27,3.95,0.17,3.31,-23.49,51.64,26.82,-57.31,1,1,0,154,-330,2.0
2020-06-04,CIDM,NASDAQ,61937593,81138246.83,234.35,21403637.33,57705,28490454,92007797.77,739185,223314246,891100427.51,493.73,302.11,0.46,3.61,1.13,10.98,-39.5,15.24,-17.12,-18.18,0,0,0,15,-171,2.0
2020-06-04,TMDI,NASDAQ,59931381,16592662.08,145.61,1672061.33,10334,10882608,7482697.84,118410,91460710,82379854.96,1053.09,772.41,0.18,1.53,0.45,4.96,0.0,173.04,130.88,-18.47,1,1,0,389,-307,2.0
2020-06-05,HTZ,NYSE,142285475,213428212.5,132.0,115783415.67,61145,48048057,143186609.41,689345,342203168,1002727871.11,785.81,496.42,0.34,2.41,0.67,4.7,-30.54,11.26,-26.15,31.13,0,0,1,-8,-329,2.0
2020-06-08,ENOB,NASDAQ,46497409,191569325.08,221.6,43884.33,8463,1980671,30517081.71,138306,22255391,198593948.51,234.04,160.91,0.04,0.48,0.16,1.04,-54.88,7.83,-54.26,-0.99,0,0,0,-87,-77,2.0
2020-06-08,XOG,NASDAQ,138135046,58762648.57,76.3,9040223.67,2589,3383404,2531700.41,97551,64399905,70075862.28,1306.84,660.17,0.02,0.47,0.04,1.19,-12.94,105.56,97.33,-18.92,1,1,0,375,-330,2.0
2020-06-08,NE,NYSE,250952112,70266591.36,103.57,54373872.33,8516,12999881,8694700.35,116094,139707585,85820753.39,1526.52,1203.4,0.05,0.56,0.12,1.22,-1.08,46.4,28.42,-25.2,1,1,0,-130,-330,2.0
2020-06-09,IZEA,NASDAQ,35103429,44230320.54,84.13,18093840.0,32921,20208177,46358049.68,329148,133263113,286121648.6,613.84,404.87,0.58,3.8,1.05,6.47,-19.69,18.86,-10.34,-8.65,0,0,0,-20,-311,2.0
2020-06-10,DPW,NYSE,5771634,8195720.28,232.39,526755.67,45039,18059212,76999485.93,512553,126172617,607361053.77,400.97,246.17,3.13,21.86,9.4,74.11,-53.44,10.11,-35.38,-18.03,0,0,0,31,-180,2.0
2020-06-10,CRIS,NASDAQ,36582309,44630416.98,79.51,1239905.0,15066,8155149,17696353.89,540826,178789157,488044743.73,541.29,330.59,0.22,4.89,0.4,10.94,-52.65,3.66,-22.37,-23.53,0,0,0,165,388,2.0
2020-06-12,CHNR,NASDAQ,24910916,23765013.86,403.67,90389.67,5671,1552973,7258231.61,204934,47780632,180637190.0,273.84,233.15,0.06,1.92,0.31,7.6,-75.66,7.3,-69.41,27.21,0,0,1,44,-100,2.0
2020-06-12,EMAN,NYSE,53818852,32388185.13,96.08,7441415.33,10158,8375202,10182041.61,128754,77460050,90174995.12,824.49,601.61,0.16,1.44,0.31,2.78,-38.93,6.63,-22.88,7.69,0,0,1,-321,262,2.0
2020-06-15,EDSA,NASDAQ,8859159,25691561.1,140.34,45554.67,11946,2971242,23697062.63,279021,55545641,404639096.48,248.72,199.07,0.34,6.27,0.92,15.75,-42.0,4.88,-16.79,-6.9,0,0,0,62,-75,2.0
2020-06-16,CLIR,NASDAQ,26709761,21167485.59,94.32,1152751.67,5293,2040415,3549007.79,692906,227066711,578396150.46,385.49,327.7,0.08,8.5,0.17,27.32,-28.83,69.29,53.9,26.16,1,1,1,321,4,2.0
2020-06-16,ROSE,NASDAQ,28811078,19142080.22,77.6,1026706.0,2286,1595218,1708159.67,29571,15102766,15422797.99,697.82,510.73,0.06,0.52,0.09,0.81,-31.85,6.27,-22.03,-5.43,0,0,0,2,-215,2.0
2020-06-17,UONEK,NASDAQ,38058422,104280076.28,148.18,9774585.33,48140,18178771,122189186.67,380312,89817055,441252897.07,377.62,236.17,0.48,2.36,1.17,4.23,-61.26,11.34,-61.03,-13.21,0,0,0,-85,369,2.0
2020-06-18,AEMD,NASDAQ,9367171,13207711.11,139.01,295888.0,12521,4898942,17251230.42,385727,113145651,328029400.73,391.26,293.33,0.52,12.08,1.31,24.84,-28.42,15.58,-20.77,7.49,0,0,1,-5,-29,2.0
2020-06-18,ALPN,NASDAQ,18587892,86619576.72,201.5,38263.33,11911,2523488,39126748.27,246964,40084753,473493611.9,211.86,162.31,0.14,2.16,0.45,5.47,-27.0,25.86,-22.06,5.02,0,0,1,-56,110,2.0
2020-06-19,BYFC,NASDAQ,19282571,32780370.7,121.18,4633736.0,27416,9921852,36274886.85,779967,171829673,864632704.71,361.9,220.3,0.51,8.91,1.11,26.38,-54.22,5.41,-11.97,34.44,0,0,1,79,-330,2.0
2020-06-23,BRN,NYSE,8277160,6452046.22,143.75,112575.33,14499,6022954,10282086.43,132688,41284282,68527576.32,415.4,311.14,0.73,4.99,1.59,10.62,-35.71,11.57,-28.95,-15.56,0,0,0,-153,-199,2.0
2020-06-25,EKSO,NASDAQ,7591146,23532552.6,79.35,650372.33,27447,8552498,44318117.86,539549,123616682,846508083.1,311.6,229.11,1.13,16.28,1.88,35.97,-16.72,44.17,31.21,36.94,1,1,1,140,-75,2.0
2020-06-26,VXRT,NASDAQ,74184322,464393855.72,83.55,54578451.67,78141,27509412,294902460.76,891057,230627072,2407261464.1,352.05,258.82,0.37,3.11,0.64,5.18,-43.78,1.9,-30.03,22.76,0,0,1,10,-330,2.0
2020-06-26,MDCA,NASDAQ,72479423,83351336.45,140.87,740698.67,10254,3971239,11642536.1,104185,37254616,90782954.8,387.29,357.58,0.05,0.51,0.14,1.09,-28.82,4.59,-25.99,-7.8,0,0,0,-303,370,2.0
2020-06-29,BHTG,NASDAQ,17437288,28771525.2,142.42,798634.33,38529,14795867,50168312.94,404809,107839199,361438924.99,384.02,266.4,0.85,6.18,1.74,12.56,-37.73,7.45,-31.5,-5.84,0,0,0,0,-330,2.0
2020-06-30,BYFC,NASDAQ,19282571,33358847.83,82.66,2770720.0,21063,9531310,27187960.13,127334,37661983,97647737.71,452.51,295.77,0.49,1.95,0.82,2.93,-33.23,7.11,-33.23,-1.9,0,0,0,-31,-129,2.0
2020-07-01,YRCW,NASDAQ,37145903,68719920.55,76.76,2775821.0,17331,7949692,31213061.71,194631,73832705,238857981.53,458.7,379.35,0.21,1.99,0.45,3.48,-9.01,19.63,-1.22,-7.12,1,0,0,-108,-210,2.0
2020-07-07,CRVS,NASDAQ,28034733,76815168.42,83.94,72603.0,11837,3717658,20877454.59,416109,97144266,559661470.65,314.07,233.46,0.13,3.47,0.27,7.29,-27.98,5.65,-1.69,16.39,0,0,1,-142,-150,2.0
2020-07-07,ANVS,NYSE,6866608,26367774.72,138.28,30137.0,29354,7983034,71227667.21,259267,47607825,398498563.83,271.96,183.62,1.16,6.93,2.7,15.11,-33.85,1.65,-25.9,-7.08,0,0,0,36,-148,2.0
2020-07-08,AIHS,NASDAQ,28839803,240581636.63,143.35,463399.67,20592,11146880,19401364.42,326137,124246328,217572063.81,541.32,380.96,0.39,4.31,0.08,0.9,-44.69,0.0,-38.42,-81.6,0,0,0,2,-54,2.0
2020-07-10,PSV,NYSE,25661915,12523014.52,71.15,494669.33,6431,4157830,3858704.17,437729,173810991,307594640.29,646.53,397.07,0.16,6.77,0.31,24.56,-38.36,139.92,125.1,-26.6,1,1,0,304,-238,2.0
2020-07-13,EQ,NASDAQ,17723850,56539081.5,182.13,80537.33,11728,3006646,32174660.71,582694,100657273,1409344209.66,256.36,172.74,0.17,5.68,0.57,24.93,-2.03,260.54,194.44,-27.85,1,1,0,380,-330,2.0
2020-07-13,ECOR,NASDAQ,38815145,494398700.05,269.41,1210994.33,64647,27658300,80139598.32,485207,160794961,404416025.1,427.84,331.39,0.71,4.14,0.16,0.82,-46.06,7.23,-43.31,-92.65,0,0,0,-36,-330,2.0
2020-07-14,ICON,NASDAQ,15334000,11960520.0,96.15,284965.0,8735,4030735,7121755.36,45390,17414768,23229511.43,461.45,383.67,0.26,1.14,0.6,1.94,-32.03,4.0,-32.03,-12.48,0,0,0,-200,344,2.0
2020-07-14,INMB,NASDAQ,10925548,96691099.8,98.76,1002194.33,10846,2584123,49356116.12,288804,44738628,861811919.45,238.26,154.91,0.24,4.09,0.51,8.91,-35.5,16.06,-10.46,-4.76,0,0,0,77,-140,2.0
2020-07-14,PRCP,NASDAQ,9744000,29914080.0,73.62,32643.67,9755,2739739,17480136.3,437507,91158842,562540345.66,280.85,208.36,0.28,9.36,0.58,18.81,-10.84,42.86,21.95,-17.69,1,1,0,-22,-30,2.0
2020-07-16,INWK,NASDAQ,52688000,69548160.0,121.97,361516.67,1256,1858231,5459183.34,31500,17954592,51803082.17,1479.48,569.99,0.04,0.34,0.08,0.74,-3.06,5.95,-2.73,-1.75,1,0,0,-60,-327,2.0
2020-07-20,DPW,NYSE,6112117,12590961.02,137.38,247881.67,45124,13448129,65113182.37,312190,77568960,329967693.65,298.03,248.47,2.2,12.69,5.17,26.21,-43.32,2.41,-39.26,-2.36,0,0,0,-21,-180,2.0
2020-07-22,TAT,NYSE,62759347,19675055.28,79.27,1234282.33,3833,3443825,2070577.6,65805,54470526,32566737.48,898.47,827.76,0.05,0.87,0.11,1.66,-41.67,22.5,-12.81,-16.33,0,0,0,12,287,2.0
2020-07-23,MIST,NASDAQ,24692953,82474463.02,132.34,305273.67,53976,15677361,103486394.65,1009020,224641015,1802743579.79,290.45,222.63,0.63,9.1,1.25,21.86,-10.81,38.14,14.82,1.01,1,1,1,310,-150,2.0
2020-07-27,SCKT,NASDAQ,6009109,8773900.05,163.68,33950.33,63976,20527143,74256923.42,452533,102781713,339112634.7,320.86,227.13,3.42,17.1,8.46,38.65,-46.51,4.72,-42.34,-14.41,0,0,0,3,-210,2.0
2020-07-30,KNDI,NASDAQ,54352158,506562112.56,77.68,26704013.67,56662,17234026,282751191.9,678095,124731889,1549418310.87,304.15,183.94,0.32,2.29,0.56,3.06,-50.23,1.52,-47.71,-8.89,0,0,0,-143,374,2.0
2020-07-30,EDSA,NASDAQ,8861895,46081854.0,191.92,62474.33,44284,10180872,140178834.3,289204,45808583,590023398.01,229.9,158.4,1.15,5.17,3.04,12.8,-50.52,8.25,-37.75,-14.29,0,0,0,7,-105,2.0
2020-07-31,ZN,NASDAQ,179908354,48971053.96,156.69,12147138.0,23749,22628139,16786355.61,196726,184799464,110780824.72,952.8,939.37,0.13,1.03,0.34,2.26,-48.86,4.12,-35.59,-1.24,0,0,0,-267,-330,2.0
2020-08-03,DTSS,NASDAQ,20943846,40631061.24,196.39,79915.33,45046,13247121,84583001.35,272823,56921656,272416524.18,294.08,208.64,0.63,2.72,2.08,6.7,-50.64,6.21,-46.43,-7.47,0,0,0,-24,-123,2.0
2020-08-07,CNDT,NASDAQ,209228322,472856007.72,70.8,4270134.33,12549,4525336,17597780.26,391207,117877674,481715851.08,360.61,301.32,0.02,0.56,0.04,1.02,-11.18,14.4,6.99,-0.48,1,1,0,39,-130,2.0
2020-08-10,MCRB,NASDAQ,76258531,353839583.84,333.84,757446.0,55331,12787461,215132013.59,689703,95410172,2037182525.6,231.11,138.34,0.17,1.25,0.61,5.76,-31.21,26.11,12.77,-1.37,0,1,0,52,-180,2.0
2020-08-11,OXBR,NASDAQ,5733587,6708296.79,77.78,2305413.33,17638,6652740,16038588.84,217612,70414503,147012240.82,377.18,323.58,1.16,12.28,2.39,21.91,-28.24,11.59,-12.02,-10.93,0,0,0,-150,42,2.0
2020-08-11,EYEN,NASDAQ,19943683,72595006.12,88.74,109858.33,61233,15975613,121567610.51,290522,60766349,375871506.81,260.9,209.16,0.8,3.05,1.67,5.18,-27.31,5.78,-26.78,-7.55,0,0,0,-24,-90,2.0
2020-08-11,PRPH,NASDAQ,11604253,22512250.82,108.25,2913.33,4286,1157577,4966220.95,61030,11956217,41138346.86,270.08,195.91,0.1,1.03,0.22,1.83,-42.38,6.1,-35.4,-7.66,0,0,0,-18,-42,2.0
2020-08-13,FAT,NASDAQ,11894895,41988979.35,165.44,14205.67,32597,7614438,80922942.81,214017,32591691,283381508.17,233.59,152.29,0.64,2.74,1.93,6.75,-31.61,2.79,-25.19,-3.0,0,0,0,-59,-160,2.0
2020-08-17,SMRT,NASDAQ,48513878,5307418.25,114.35,26764841.0,12529,19893638,4789887.59,70507,111238459,21486264.85,1587.81,1577.69,0.41,2.29,0.9,4.05,-39.16,15.05,-35.14,-7.96,0,0,0,-270,310,2.0
2020-08-17,LODE,NYSE,32333863,25543751.77,72.15,276435.0,18701,8204002,11738104.38,512335,225165334,393999063.88,438.69,439.49,0.25,6.96,0.46,15.42,-31.6,9.85,6.62,-13.1,0,1,0,279,-161,2.0
2020-08-18,MICT,NASDAQ,11930880,41758080.0,77.71,136765.33,22068,5487673,39063975.38,260242,50909850,337288900.81,248.67,195.63,0.46,4.27,0.94,8.08,-39.64,3.87,-18.01,-8.38,0,0,0,-134,-203,2.0
2020-08-19,BDR,NYSE,9765870,7423037.79,110.5,180805.67,22341,8618402,13572481.82,322744,94499176,218607007.24,385.77,292.8,0.88,9.68,1.83,29.45,-64.47,3.05,-15.63,-10.37,0,0,0,22,-323,2.0
2020-08-20,GEVO,NASDAQ,53798824,29427956.73,77.53,2620467.0,22076,24041341,21158532.92,1372948,991108773,1491431356.22,1089.03,721.88,0.45,18.42,0.72,50.68,-16.51,108.0,87.42,-19.23,1,1,0,209,-191,2.0
2020-08-27,PED,NYSE,72125328,56632807.55,91.03,869936.67,9432,3719007,5070743.11,368859,102663937,197218163.16,394.3,278.33,0.05,1.42,0.09,3.48,-15.6,45.52,40.67,-38.39,1,1,0,153,-139,2.0
2020-08-31,AIMT,NASDAQ,65450142,824671789.2,171.51,1342385.0,10579,11488880,392082937.12,136165,44667326,1526819691.62,1086.01,328.04,0.18,0.68,0.48,1.85,-0.18,0.2,0.03,-0.06,1,1,0,-63,-328,2.0
2020-09-01,JILL,NYSE,44802370,86132556.33,120.13,469462.33,13270,8890220,7817686.26,138984,98250878,81753042.22,669.95,706.92,0.2,2.19,0.09,0.95,-52.21,3.39,-36.2,-80.74,0,0,0,9,-90,2.0
2020-09-02,LONE,NASDAQ,25375314,6777746.37,83.26,1336526.0,6099,4896118,2434183.88,53559,43259296,18118841.33,802.77,807.69,0.19,1.7,0.36,2.67,-30.0,7.68,-24.11,-12.68,0,0,0,-321,271,2.0
2020-09-08,LUB,NYSE,30625470,32156743.5,81.9,52224.0,14541,6993758,12199243.23,481927,166735264,338654544.58,480.97,345.98,0.23,5.44,0.38,10.53,-4.72,34.55,16.23,-12.61,1,1,0,216,-90,2.0
2020-09-14,SAVA,NASDAQ,24919333,82732185.56,115.36,1405280.33,75522,20022042,148410935.16,717046,175097198,1207759472.43,265.12,244.19,0.8,7.03,1.79,14.6,-7.85,38.39,8.39,-7.23,1,1,0,-34,-142,2.0
2020-09-22,NAOV,NASDAQ,10568088,62330583.02,84.81,188586.67,30298,16957015,18646244.02,405165,220012389,273016005.39,559.67,543.02,1.6,20.82,0.3,4.38,-18.92,12.15,10.09,-91.58,0,1,0,267,-90,2.0
2020-09-23,SPI,NASDAQ,14621125,15315628.44,237.95,102455.0,77253,23639796,75862842.11,1708149,348301832,3216355041.24,306.0,203.91,1.62,23.82,4.95,210.0,-70.0,324.24,295.48,93.57,1,1,1,275,-92,2.0
2020-09-24,SUNW,NASDAQ,16628992,19289630.72,296.55,38355511.0,64311,23624557,118967185.45,963678,267806139,1482171208.28,367.35,277.9,1.42,16.1,6.17,76.84,-53.76,19.09,-14.57,-23.92,0,0,0,26,-330,2.0
2020-09-24,SPI,NASDAQ,14621125,204695750.0,93.57,116174337.33,20969,4577580,111238809.71,219540,29555020,542940051.28,218.3,134.62,0.31,2.02,0.54,2.65,-54.37,4.8,-51.66,-26.56,0,0,0,-25,348,2.0
2020-09-24,POLA,NASDAQ,11375681,21841307.52,116.67,8823637.33,25715,8890922,36132423.14,287796,72516670,335247371.29,345.75,251.97,0.78,6.37,1.65,15.35,-43.75,14.95,-11.3,-24.12,0,0,0,12,-317,2.0
2020-09-24,OEG,NASDAQ,30420685,15666652.78,82.52,57643.33,11887,5530361,6922277.66,66235,32548503,30432318.41,465.24,491.41,0.18,1.07,0.44,1.94,-44.9,9.13,-27.9,3.29,0,0,1,-57,-90,2.0
2020-09-25,TATT,NASDAQ,8874696,35676277.92,80.35,973523.67,5860,1665706,10694947.42,79859,15883572,96064136.93,284.25,198.9,0.19,1.79,0.3,2.69,-21.46,16.4,-19.72,-10.31,0,0,0,-319,286,2.0
2020-09-25,SGBX,NASDAQ,8596189,13066207.28,96.05,314888.33,28313,9902565,33462375.59,187628,54212324,150280647.97,349.75,288.94,1.15,6.31,2.56,11.5,-34.24,5.85,-27.18,-3.23,0,0,0,-141,-150,2.0
2020-09-25,CBAT,NASDAQ,65149690,87952081.5,159.26,34351116.67,97069,32557692,111795620.95,594742,198508979,533714494.12,335.41,333.77,0.5,3.05,1.27,6.07,-34.67,26.29,-30.0,13.88,0,0,1,-105,62,2.0
2020-09-29,HUSA,NYSE,6960576,7599556.88,179.36,387218.33,33594,9665800,30361307.52,530995,146037345,593633048.29,287.72,275.03,1.39,20.98,4.0,78.11,-53.14,8.36,-2.3,-22.82,0,0,0,49,-150,2.0
2020-09-30,CTIC,NASDAQ,73716760,77402598.0,120.0,2965486.33,18326,7873662,19749866.48,319511,107202789,240146275.72,429.64,335.52,0.11,1.45,0.26,3.1,-19.77,13.16,-6.93,-8.37,0,0,0,-319,298,2.0
2020-09-30,CTEK,NYSE,10597024,11762696.64,76.58,41778.33,14514,4258468,9992195.98,178132,53146799,103845933.82,293.4,298.36,0.4,5.02,0.85,8.83,-37.2,17.16,-19.9,-17.2,0,0,0,-18,-30,2.0
2020-09-30,ITRM,NASDAQ,21239093,204787334.71,155.13,70698.0,66070,35151019,52182214.9,485491,213865470,333878796.88,532.03,440.51,1.66,10.07,0.25,1.63,-56.97,2.94,-35.98,-94.12,0,0,0,15,-150,2.0
2020-10-01,SLDB,NASDAQ,46178519,1406135903.55,156.65,81878.33,78978,23804655,108598967.41,855369,193963132,915252054.26,301.41,226.76,0.52,4.2,0.08,0.65,-43.28,0.87,-33.59,-93.55,0,0,0,10,-120,2.0
2020-10-01,ENLV,NASDAQ,13463771,79974799.74,76.94,285938.33,34162,8830416,97144629.9,229030,43624252,432301352.8,258.49,190.47,0.66,3.24,1.21,5.41,-25.7,11.13,-16.37,-0.57,0,0,0,-158,-156,2.0
2020-10-02,XTNT,NYSE,13240831,10861453.67,174.29,815134.33,51803,20417108,38383618.61,375360,112349679,211115461.56,394.13,299.31,1.54,8.49,3.53,19.44,-37.2,17.16,-30.22,-12.74,0,0,0,0,-299,2.0
2020-10-02,LONE,NASDAQ,25375314,6204264.27,120.9,15839172.67,27077,25353250,14710980.14,116635,106153920,48435622.76,936.34,910.14,1.0,4.18,2.37,7.81,-47.19,1.1,-41.97,-1.08,0,0,0,-140,389,2.0
2020-10-05,GRNQ,NASDAQ,59203333,645316329.7,126.61,633120.0,47051,14402997,34193358.38,433288,133050697,294646021.23,306.11,307.07,0.24,2.25,0.05,0.46,-32.12,6.29,-24.7,-91.24,0,0,0,-27,-308,2.0
2020-10-06,PPSI,NASDAQ,8726045,13699890.65,111.46,512820.0,61525,19523476,59366869.64,1250147,321675853,1814793353.48,317.33,257.31,2.24,36.86,4.33,132.47,-49.1,65.52,44.58,15.63,1,1,1,89,-328,2.0
2020-10-07,AREC,NASDAQ,31838495,51896746.85,89.57,50620.33,16195,5983865,17105224.73,638745,160000163,566556031.9,369.49,250.49,0.19,5.03,0.33,10.92,-47.26,5.26,-15.86,-5.77,0,0,0,25,-88,2.0
2020-10-07,RAVE,NASDAQ,15465222,7949124.11,285.41,830973.67,25605,8631574,20273936.36,173058,66880595,95276890.43,337.11,386.46,0.56,4.32,2.55,11.99,-50.42,27.17,-40.94,-11.92,0,0,0,-302,-321,2.0
2020-10-07,PECK,NASDAQ,16628992,120726481.92,79.61,1481192.67,12620,3170857,39723236.54,162827,24844118,306252263.96,251.26,152.58,0.19,1.49,0.33,2.54,-27.18,2.74,-19.48,-11.9,0,0,0,-26,-319,2.0
2020-10-08,AGE,NYSE,37689000,31813284.9,165.37,921756.0,51598,22849715,42781784.17,1105154,331850754,928642613.02,442.84,300.28,0.61,8.8,1.34,29.19,-36.9,23.38,10.71,-14.52,0,1,0,46,-269,2.0
2020-10-09,SNMP,NYSE,19953880,7382935.6,237.84,1674012.67,47720,31050105,36630250.91,226522,121877158,137371694.21,650.67,538.04,1.56,6.11,4.96,18.61,-54.69,0.0,-42.0,-0.69,0,0,0,9,-225,2.0
2020-10-09,SDPI,NYSE,25434776,10486758.14,77.06,494724.67,2202,1356974,991648.49,23122,15228015,10784827.09,616.25,658.59,0.05,0.6,0.09,1.03,-34.78,12.78,-17.81,-8.87,0,0,0,-105,-150,2.0
2020-10-13,PED,NYSE,72463340,97100875.6,86.57,617900.0,23755,8166000,25203519.54,136817,38878202,87852351.62,343.76,284.16,0.11,0.54,0.26,0.9,-29.41,9.76,-28.0,-7.78,0,0,0,-43,-87,2.0
2020-10-16,SGBX,NASDAQ,8596189,17364301.78,79.7,331104.67,59004,18996111,74425962.6,230754,61429536,206796337.98,321.95,266.21,2.21,7.15,4.29,11.91,-28.72,4.6,-24.79,1.47,0,0,1,-93,-150,2.0
2020-10-16,HTZ,NYSE,156206478,160892672.34,133.01,6096217.0,162436,109632515,229742021.19,1486602,1032229500,2364868952.65,674.93,694.35,0.7,6.61,1.43,14.7,-12.59,49.7,4.17,4.8,1,1,1,2,-189,2.0
2020-10-20,ACOR,NASDAQ,47979115,198633536.1,76.81,3665401.33,25697,14766439,19299567.05,194705,110372638,129957066.25,574.64,566.87,0.31,2.3,0.1,0.65,-41.34,4.0,-21.15,-84.87,0,0,0,-213,111,2.0
2020-10-20,CBLI,NASDAQ,13336440,28940074.8,107.37,669655.33,56522,16764046,65920456.0,619907,147802457,613656498.19,296.59,238.43,1.26,11.08,2.28,21.2,-41.62,2.92,-29.56,-6.31,0,0,0,39,-308,2.0
2020-10-21,MRIN,NASDAQ,7115000,10743650.0,78.81,286505.67,17289,4830756,18835078.6,593048,169098826,702935022.84,279.41,285.14,0.68,23.77,1.75,65.43,-34.04,100.0,39.26,-28.72,1,1,0,-194,-258,2.0
2020-10-22,EVK,NASDAQ,14809160,17030534.0,122.61,300790.0,16077,4953959,14505989.9,644165,149218375,652446112.35,308.14,231.65,0.33,10.08,0.85,38.31,-61.54,1.96,1.56,28.85,0,1,1,101,-88,2.0
2020-10-23,SCKT,NASDAQ,6050655,8833956.3,159.59,2304920.67,87914,27077673,94680008.02,716213,170926890,609966097.41,308.0,238.65,4.48,28.25,10.72,69.05,-43.33,5.81,-32.72,-7.45,0,0,0,24,-330,2.0
2020-10-26,LLIT,NASDAQ,45415693,147473838.31,76.61,2552225.67,25072,7029782,41325041.95,168936,38540096,186480536.41,280.38,228.13,0.15,0.85,0.28,1.26,-22.96,12.97,-21.01,-5.3,0,0,0,-145,217,2.0
2020-10-27,GOED,NYSE,6111200,42228392.0,134.73,95656.0,12192,2195942,35025077.16,105480,13644238,184234665.28,180.11,129.35,0.36,2.23,0.83,4.36,-53.41,0.0,-49.01,-8.46,0,0,0,-283,381,2.0
2020-10-28,MGEN,NASDAQ,57074478,445095316.68,122.16,1047764.33,51665,37351231,44456560.15,405561,266976149,301314596.53,722.95,658.29,0.65,4.68,0.1,0.68,-8.03,53.66,9.09,-94.66,1,1,0,-123,-267,2.0
2020-11-05,KXIN,NASDAQ,59150341,163846444.57,81.95,1228483.0,48178,14816107,71536203.51,195869,45590646,201002761.02,307.53,232.76,0.25,0.77,0.44,1.23,-25.35,6.8,-25.2,3.18,0,0,1,-26,-274,2.0
2020-11-09,SNDL,NASDAQ,251627435,629068587.5,135.6,314380506.0,92684,147956600,89104215.65,648593,756826356,362489468.6,1596.36,1166.87,0.59,3.01,0.14,0.58,-23.58,26.94,-22.16,-91.06,1,0,0,-256,253,2.0
2020-11-09,AMC,NYSE,85624174,213204193.26,71.49,8238276.33,33546,15743337,66778820.72,342599,132512707,517892651.09,469.31,386.79,0.18,1.55,0.31,2.43,-14.12,16.72,-11.71,5.84,1,0,1,-68,-330,2.0
2020-11-12,IMAC,NASDAQ,11839972,9862696.68,94.48,310012.0,20347,7617769,12853467.39,314632,95750928,181327285.87,374.39,304.33,0.64,8.09,1.3,18.39,-40.16,7.8,-6.17,-15.79,0,0,0,-247,-317,2.0
2020-11-13,UROV,NASDAQ,31659870,262143723.6,93.0,226679.33,984,1400466,22388686.36,22023,10330909,165563095.3,1423.24,469.1,0.04,0.33,0.09,0.63,-0.37,0.25,0.25,-0.12,0,1,0,-54,-325,2.0
2020-11-17,LXRX,NASDAQ,117474808,151542502.32,74.42,521918.0,41888,22844876,46975118.39,236403,102548731,202548449.29,545.38,433.79,0.19,0.87,0.31,1.34,-23.95,5.85,-19.56,-0.13,0,0,0,0,-330,2.0
2020-11-24,FTEK,NASDAQ,24701159,69657268.38,115.25,16169789.33,53043,16278158,92249766.27,542154,142991054,818330661.38,306.89,263.75,0.66,5.79,1.32,11.75,-14.2,39.49,-0.49,-20.86,1,0,0,2,-304,2.0
2020-11-25,MTC,NASDAQ,20070000,240840000.0,106.67,690155.67,41911,17198473,35842488.17,416382,142220712,327615898.04,410.36,341.56,0.86,7.09,0.15,1.36,-27.44,0.5,-18.95,-90.3,0,0,0,13,-305,2.0
2020-11-27,WORX,NASDAQ,9861731,12327163.75,94.4,1987825.33,43967,17581190,42430575.52,254338,84468360,200102037.24,399.87,332.11,1.78,8.57,3.44,16.23,-15.59,7.77,-8.64,-5.41,0,0,0,-85,-330,2.0
2020-11-30,CAAS,NASDAQ,30851776,118162302.08,95.82,429841.0,19509,5177949,36383319.97,468156,93876644,727884019.16,265.41,200.52,0.17,3.04,0.31,6.16,0.0,83.57,40.0,19.14,1,1,1,389,-150,2.0
2020-12-02,NAOV,NASDAQ,13393653,94947606.12,152.5,3115106.33,75248,36511811,54277559.44,424356,177655720,276523421.03,485.22,418.65,2.73,13.26,0.57,2.91,-52.99,8.91,-38.55,-90.55,0,0,0,11,-328,2.0
2020-12-03,EVK,NASDAQ,14809160,31099236.0,174.76,1726187.67,63419,13699732,79370417.51,524430,108010531,718540321.14,216.02,205.96,0.93,7.29,2.55,23.1,-36.75,10.53,-9.01,-12.76,0,0,0,127,-330,2.0
2020-12-04,HGSH,NASDAQ,22525000,39644000.0,128.98,918700.33,35437,11560024,49344833.12,570456,122530926,536077891.93,326.21,214.79,0.51,5.44,1.24,13.52,-52.22,3.2,-35.98,-11.62,0,0,0,41,387,2.0
2020-12-08,CRIS,NASDAQ,58817444,84697119.36,279.86,6472079.33,122362,47455114,207627575.83,1116511,326058998,2011128152.43,387.83,292.03,0.81,5.54,2.45,23.74,-17.09,25.96,19.74,14.96,1,1,1,25,-198,2.0
2020-12-09,RCON,NASDAQ,7202832,10372078.08,97.92,1725611.0,30186,10533691,32159857.63,101608,30623751,74629993.78,348.96,301.39,1.46,4.25,3.1,7.2,-39.1,16.56,-38.25,-11.93,0,0,0,-122,302,2.0
2020-12-09,XBIO,NASDAQ,6296227,6799925.16,258.33,256538.67,42233,15104422,58067141.24,651765,183664225,851465177.32,357.65,281.8,2.4,29.17,8.54,125.22,-45.81,4.28,-18.09,-22.71,0,0,0,78,-85,2.0
2020-12-09,CNET,NASDAQ,21741926,158716059.8,95.89,628411.0,26083,9008020,27418030.81,178918,53349442,132420578.39,345.36,298.18,0.41,2.45,0.17,0.83,-36.16,17.34,-29.02,-85.32,0,0,0,-149,-180,2.0
2020-12-11,VTVT,NASDAQ,50786130,111221624.7,87.21,2297096.67,44658,14786421,71068599.02,334913,108464838,432296340.25,331.1,323.86,0.29,2.14,0.64,3.89,-34.74,2.31,-24.39,6.13,0,0,1,-240,349,2.0
2020-12-15,PRVL,NASDAQ,34246433,428080412.5,84.08,265577.33,2050,1581428,36566797.85,49631,10776807,246542518.52,771.43,217.14,0.05,0.31,0.09,0.58,-1.43,0.62,-1.13,0.04,0,0,1,-193,-195,2.0
2020-12-16,AEMD,NASDAQ,12088313,19583067.06,79.63,97977.33,56745,18089506,55404588.51,292727,92877327,246577349.93,318.79,317.28,1.5,7.68,2.83,12.59,-26.38,5.61,-22.34,-7.19,0,0,0,-4,-88,2.0
2020-12-17,OCG,NASDAQ,15190000,92659000.0,182.62,1352153.5,9887,1824062,34328303.21,177605,29098195,329406512.03,184.49,163.84,0.12,1.92,0.37,3.56,-71.64,16.72,-57.48,-3.68,0,0,0,32,346,2.0
2020-12-23,OCGN,NASDAQ,162026473,130463716.06,153.35,249011150.0,128967,123328251,233707421.77,1343973,918194302,2217598947.8,956.28,683.19,0.76,5.67,1.79,17.0,-14.75,41.3,27.45,-13.85,1,1,0,81,-278,2.0
2020-12-24,AVGR,NASDAQ,84922079,587830630.84,76.25,21777427.0,28695,31631451,21423831.84,198066,229584912,139497302.08,1102.33,1159.13,0.37,2.7,0.04,0.24,-37.68,4.9,-21.33,-94.95,0,0,0,-143,253,2.0
2020-12-29,TENX,NASDAQ,12619369,270054496.6,100.0,127706.0,57597,27747158,60037943.89,544486,231530759,540939315.14,481.75,425.23,2.2,18.35,0.22,2.0,-30.28,3.66,-7.48,-95.4,0,0,0,104,-205,2.0
2020-12-30,CNFR,NASDAQ,9678463,25647926.95,86.42,360794.33,11358,2607047,16083856.31,59553,11217809,51120159.63,229.53,188.37,0.27,1.16,0.63,1.99,-24.2,11.47,-23.28,-12.14,0,0,0,-251,348,2.0
2020-12-30,INDO,NYSE,7407955,34279570.97,114.59,36189.33,10806,2055901,23444625.0,77597,10165769,94130004.11,190.26,131.01,0.28,1.37,0.68,2.75,-42.71,8.63,-31.52,-6.62,0,0,0,-96,-112,2.0
2021-01-04,OCGN,NASDAQ,184011884,336741747.72,86.89,43841149.33,50179,29632191,116992925.91,371622,169856721,558597472.52,590.53,457.07,0.16,0.92,0.35,1.66,-12.29,9.64,-10.23,-2.93,0,0,0,-151,-330,1.0
2021-01-05,SYN,NYSE,29249925,146278874.93,87.96,10014528.0,26093,19796541,19243778.15,479824,360215155,441888084.82,758.69,750.72,0.68,12.32,0.13,3.02,-41.18,7.03,6.38,-92.8,0,1,0,141,-214,1.0
2021-01-05,PECK,NASDAQ,5312873,32674168.95,111.71,134692.67,22638,5052707,62490195.76,193692,32011601,377498146.23,223.2,165.27,0.95,6.03,1.91,11.55,-23.54,4.02,-19.66,-4.88,0,0,0,-29,-61,1.0
2021-01-06,ISR,NYSE,87232324,46276747.88,227.99,18155221.67,69837,49816751,83262646.66,396180,259110529,405754522.85,713.33,654.02,0.57,2.97,1.8,8.77,-29.0,8.4,-18.39,5.63,0,0,1,-215,-325,1.0
2021-01-06,AIKI,NASDAQ,34920219,506081273.86,70.09,28144601.33,56059,44142453,61665930.6,282858,188532905,258696821.78,787.43,666.53,1.26,5.4,0.12,0.51,-40.57,4.0,-28.28,-93.55,0,0,0,13,-324,1.0
2021-01-19,ACRS,NASDAQ,45109314,265242766.32,138.95,326141.0,45733,11731076,147647650.16,594512,114362153,1889587370.61,256.51,192.36,0.26,2.54,0.56,7.12,-5.61,41.69,34.02,5.95,1,1,1,349,-150,1.0
2021-01-20,OBLN,NASDAQ,7770698,37532471.34,99.38,417911.67,52105,17965613,52362339.67,1494033,445941324,3022693166.03,344.8,298.48,2.31,57.39,1.4,80.54,-23.12,206.67,157.94,-68.88,1,1,0,270,-130,1.0
2021-01-21,BBIG,NASDAQ,14471403,15160517.43,287.66,248191.67,40139,14129415,78607043.18,679441,214919552,1445795845.13,352.01,316.32,0.98,14.85,5.18,95.37,-51.49,2.93,-23.62,45.07,0,0,1,30,-321,1.0
2021-01-21,CLSN,NASDAQ,40701022,778407045.75,89.02,15177300.67,47932,29771332,66167528.57,363464,165795800,341537225.54,621.12,456.15,0.73,4.07,0.09,0.44,-37.86,7.41,-27.8,-94.44,0,0,0,1,-209,1.0
2021-01-22,ADMP,NASDAQ,93842058,119179413.66,83.46,123300829.0,51079,32117119,72548190.91,332755,207315027,407252113.48,628.77,623.03,0.34,2.21,0.61,3.42,-23.5,4.68,-23.18,-3.35,0,0,0,-323,122,1.0
2021-01-25,EXPR,NYSE,64947502,116256028.58,117.32,28588566.67,123704,62151726,241991600.52,868467,358630191,1315219657.65,502.42,412.95,0.96,5.52,2.08,11.31,-6.53,39.73,6.68,-19.76,1,1,0,-68,-330,1.0
2021-01-26,KOSS,NASDAQ,7447489,44684934.0,94.83,2910539.67,26663,6566905,78178520.71,193236,34562731,379525916.32,246.29,178.86,0.88,4.64,1.75,8.49,-28.06,14.68,-14.46,75.2,0,0,1,10,143,1.0
2021-01-27,KOSS,NASDAQ,7616219,76162190.0,75.2,14398904.0,12052,2501630,45679686.98,244300,25073496,787389958.13,207.57,102.63,0.33,3.29,0.6,10.34,-16.89,308.74,231.05,27.59,1,1,1,358,-324,1.0
2021-01-27,EXPR,NYSE,64947502,197440406.08,160.86,169749194.33,111393,46625325,293856865.98,1098888,287577329,2533044689.89,418.57,261.7,0.72,4.43,1.49,12.83,-31.64,79.51,20.43,-25.55,1,1,0,119,-155,1.0
2021-01-29,LMFA,NASDAQ,15418801,115641007.5,92.67,6724523.0,65163,35970692,107898863.51,241470,102274235,267987103.89,552.01,423.55,2.33,6.63,0.93,2.32,-35.33,5.13,-29.07,-81.46,0,0,0,-74,-324,1.0
2021-01-29,SIEB,NASDAQ,30953710,114838264.1,237.74,58754.67,37885,7564966,146830808.09,294529,33994464,514097338.05,199.68,115.42,0.24,1.1,1.28,4.48,-55.57,2.62,-34.4,-8.88,0,0,0,-119,-326,1.0
2021-02-01,ALYA,NASDAQ,14611571,36675043.21,90.04,14403.0,14266,3639441,25003502.8,83069,14977629,71346303.24,255.11,180.3,0.25,1.03,0.68,1.95,-41.32,1.9,-32.7,-9.35,0,0,0,-293,237,2.0
2021-02-01,ASM,NYSE,89568682,110169478.86,119.98,3110383.33,70444,30479706,88240395.25,320968,129594602,285487450.54,432.68,403.76,0.34,1.45,0.8,2.59,-34.4,13.5,-31.63,-16.76,0,0,0,-141,-330,2.0
2021-02-03,SINO,NASDAQ,5998788,28434255.12,117.3,1668534.0,24947,5910053,67883113.66,119814,20004586,188836576.49,236.9,166.96,0.99,3.33,2.39,6.64,-34.16,4.64,-27.77,3.49,0,0,1,-45,-220,2.0
2021-02-04,AVXL,NASDAQ,66962957,695075493.66,92.1,7373704.33,36941,9780649,191401940.88,610499,116591494,2299525655.35,264.76,190.98,0.15,1.74,0.28,3.31,-48.05,8.04,-25.23,-10.46,0,0,0,45,299,2.0
2021-02-08,OCGN,NASDAQ,184011884,966062391.0,76.76,167283145.67,98721,35821865,318559130.97,3361737,719521523,10036339361.17,362.86,214.03,0.19,3.91,0.33,10.39,-15.77,73.17,70.37,-18.15,1,1,0,203,-222,2.0
2021-02-08,CRHM,NYSE,71674647,156250730.46,81.19,83401.33,31831,11054299,56244488.93,105719,33727901,145990254.71,347.28,319.03,0.15,0.47,0.36,0.93,-1.75,0.51,-0.76,-1.02,0,0,0,-101,-180,2.0
2021-02-09,HTBX,NASDAQ,22592500,189099225.0,102.99,1538873.0,50854,13717647,224475691.23,383112,70605484,1006953696.01,269.75,184.29,0.61,3.13,1.19,5.33,-26.24,8.95,-26.19,2.31,0,0,1,-44,-303,2.0
2021-02-09,KALV,NASDAQ,18021224,281311306.64,159.64,252350.0,10036,2007263,80913740.92,285995,35138295,1280967367.58,200.01,122.86,0.11,1.95,0.29,4.55,-25.56,21.69,-17.35,10.12,0,0,1,-89,-175,2.0
2021-02-09,AUVI,NASDAQ,7945034,41155276.12,73.75,450274.0,22176,5537007,49935701.05,807388,118339008,2585020774.63,249.68,146.57,0.7,14.89,1.21,62.81,-44.91,137.83,119.0,-3.6,1,1,0,249,-255,2.0
2021-02-09,CHCI,NASDAQ,7863582,33184316.04,218.48,1289197.0,26768,5901232,73595618.77,226942,33920149,384729270.05,220.46,149.47,0.75,4.31,2.22,11.59,-46.69,7.02,-37.65,-17.66,0,0,0,0,-329,2.0
2021-02-10,OLB,NASDAQ,6170054,45966902.3,71.28,234461.0,30634,7003861,94985649.96,138962,20088510,259505002.72,228.63,144.56,1.14,3.26,2.07,5.65,-38.41,9.19,-20.85,-7.33,0,0,0,21,-205,2.0
2021-02-11,RCMT,NASDAQ,11953930,44110001.7,168.16,1603202.0,52707,13976694,125166782.92,350887,63554951,534705427.01,265.18,181.13,1.17,5.32,2.84,12.12,-51.16,5.72,-38.35,-8.24,0,0,0,7,-330,2.0
2021-02-12,ARTL,NASDAQ,15711587,384148302.15,76.69,14905580.0,88773,36969111,102990821.15,631117,252774617,770568093.13,416.45,400.52,2.35,16.09,0.27,2.01,-27.52,6.4,-7.64,-93.31,0,0,0,30,-310,2.0
2021-02-16,SCKT,NASDAQ,6102630,19772521.2,214.51,492026.0,95995,25810025,241897535.9,1478811,227120606,4287463379.23,268.87,153.58,4.23,37.22,12.23,216.84,-40.91,125.52,102.94,-24.08,1,1,0,243,-320,2.0
2021-02-17,LODE,NYSE,34980766,78706723.5,336.89,1763234.67,120521,38640467,350234183.35,898408,205376420,1511561068.71,320.61,228.6,1.1,5.87,4.45,19.2,-41.22,9.25,-41.1,-5.87,0,0,0,-12,-303,2.0
2021-02-17,CLPS,NASDAQ,16093248,78856915.2,171.84,555358.0,44863,10705983,126917373.9,683569,127547392,1922463483.09,238.64,186.59,0.67,7.93,1.61,24.38,-45.2,3.24,-18.62,-12.92,0,0,0,50,-104,2.0
2021-02-18,CAPA,NASDAQ,8588679,89150488.02,75.34,19195.0,6962,2911115,46536478.89,250930,39472771,825050626.69,418.14,157.31,0.34,4.6,0.52,9.25,-10.36,33.47,23.13,-9.59,1,1,0,97,-186,2.0
2021-02-18,GTEC,NASDAQ,10225142,77199822.1,193.11,108414.33,61797,13481653,293895605.7,500512,64139822,1282944125.03,218.16,128.15,1.32,6.27,3.81,16.62,-44.21,2.01,-33.39,-7.67,0,0,0,-126,-150,2.0
2021-02-19,VCNX,NASDAQ,22387175,64251192.25,107.32,302665.67,94872,26503509,144256654.63,1090664,278622091,1929796130.46,279.36,255.46,1.18,12.45,2.25,30.04,-48.95,3.83,-17.98,12.7,0,0,1,30,-116,2.0
2021-02-22,RETO,NASDAQ,24135000,28479300.0,156.78,3030229.33,87941,32803790,98302699.8,410587,133585966,366562766.76,373.02,325.35,1.36,5.53,3.45,12.87,-36.07,9.86,-22.77,11.54,0,0,1,1,-286,2.0
2021-02-23,CTIB,NASDAQ,5783646,13707241.02,74.26,4124715.33,65226,22851179,90224120.92,723294,181796133,732907132.88,350.34,251.34,3.95,31.43,6.58,53.47,-41.2,2.08,-28.81,-6.46,0,0,0,55,-208,2.0
2021-02-24,NVOS,NASDAQ,23793141,94903701.51,250.99,56087.0,8931,1499081,32122857.27,233293,34070549,326319064.19,167.85,146.04,0.06,1.43,0.34,3.44,-57.48,11.17,-54.5,10.05,0,0,1,-186,-321,2.0
2021-02-24,SYPR,NASDAQ,21300958,56660548.28,158.65,1393396.33,129646,37514723,218646562.47,707278,193632230,1116088395.96,289.36,273.77,1.76,9.09,3.86,19.7,-35.87,7.2,-26.45,-8.5,0,0,0,3,-238,2.0
2021-02-25,KOSS,NASDAQ,7616219,140443078.36,76.79,5161861.0,26911,5845675,200447917.66,359924,38329560,1128701555.25,217.22,106.49,0.77,5.03,1.43,8.04,-38.57,13.73,-33.96,-11.3,0,0,0,-137,371,2.0
2021-02-25,DYNT,NASDAQ,14974508,95836851.2,77.34,2067727.0,44392,16585139,43958476.91,218324,78420811,171641908.36,373.61,359.19,1.11,5.24,0.46,1.79,-37.5,8.11,-29.52,-81.25,0,0,0,-211,372,2.0
2021-02-26,LIXT,NASDAQ,12374302,46651118.54,75.07,67671.0,80322,21354763,150917855.97,282230,55021098,354768274.12,265.86,194.95,1.73,4.45,3.24,7.6,-22.39,9.41,-15.45,-17.2,0,0,0,-289,-328,2.0
2021-03-02,NNVC,NYSE,10677000,45056940.0,94.31,127023.33,102600,27169409,229876635.03,560602,130903013,999109696.69,264.81,233.5,2.54,12.26,5.1,22.17,-23.65,1.99,-18.9,-6.02,0,0,0,-93,-195,1.0
2021-03-02,JCS,NASDAQ,9327574,199610083.6,87.48,14902.33,22333,5095049,56983237.74,394895,89468893,836532412.8,228.14,226.56,0.55,9.59,0.29,4.19,-36.77,1.54,-27.82,-76.14,0,0,0,-26,-150,1.0
2021-03-04,FPRX,NASDAQ,45848446,974737961.96,78.69,681060.33,1787,2465857,93508041.35,120289,35390129,1340332178.06,1379.89,294.21,0.05,0.77,0.1,1.38,-0.47,0.8,0.03,-0.34,1,1,0,-29,-291,1.0
2021-03-09,INVO,NASDAQ,9639268,29978123.48,70.74,1551005.67,18026,4454475,26992575.57,502834,96809347,889652682.21,247.11,192.53,0.46,10.04,0.9,29.68,-23.58,80.08,77.02,-21.81,1,1,0,56,-76,1.0
2021-03-10,MNOV,NASDAQ,48680867,276507324.56,73.42,1342156.33,26612,5866914,64238752.91,175247,27705172,261783913.01,220.46,158.09,0.12,0.57,0.23,0.95,-19.15,12.05,-11.27,-16.02,0,0,0,-143,128,1.0
2021-03-11,ENTX,NASDAQ,23738642,37981827.2,190.63,166374.0,66404,22893281,102821904.58,1313097,361217344,2011647802.04,344.76,275.09,0.96,15.22,2.71,52.96,-48.67,1.76,-13.12,54.21,0,0,1,71,-60,1.0
2021-03-11,NVFY,NASDAQ,5769104,13845849.6,188.75,1041478.33,51971,13502828,99871855.62,217945,37769218,232926999.1,259.81,173.3,2.34,6.55,7.21,16.82,-40.05,6.9,-35.21,-9.35,0,0,0,-316,239,1.0
2021-03-12,NLSP,NASDAQ,11779277,33217561.14,107.45,80786.33,54074,17078456,101734460.28,710424,169157946,1014344239.4,315.83,238.11,1.45,14.36,3.06,30.54,-20.41,25.81,0.0,-11.11,1,0,0,30,-90,1.0
2021-03-15,CHEK,NASDAQ,46239183,1414918999.8,164.71,2740566.0,162227,81295753,296589201.6,942698,420805576,1501844478.98,501.12,446.38,1.76,9.1,0.21,1.06,-31.63,1.66,-24.2,-95.5,0,0,0,0,-282,1.0
2021-03-16,SSY,NYSE,6899321,13315689.53,82.38,190232.0,17776,4827600,16983916.65,747144,196203960,1077937575.71,271.58,262.61,0.7,28.44,1.28,80.95,-36.35,42.65,37.78,-22.68,1,1,0,19,-318,1.0
2021-03-17,ZCMD,NASDAQ,19435423,35372469.86,86.81,71211.0,58028,25612847,78967280.08,427098,139712738,440984755.77,441.39,327.12,1.32,7.19,2.23,12.47,-34.96,10.37,-21.76,-2.26,0,0,0,4,-294,1.0
2021-03-19,SPCB,NASDAQ,19998745,289981802.5,102.76,960003.67,83096,41265329,122309377.84,366108,145700317,368607286.92,496.6,397.97,2.06,7.29,0.42,1.27,-24.07,9.8,-23.81,-90.62,0,0,0,-34,-240,1.0
2021-03-22,SPRT,NASDAQ,19656591,42065104.74,272.43,81522.0,166558,50330898,371758307.53,1247601,282618363,2123214255.2,302.18,226.53,2.56,14.38,8.84,50.47,-24.87,14.89,-10.92,-0.56,0,0,0,29,-186,1.0
2021-03-23,DLPN,NASDAQ,6618785,36072378.25,96.33,197932.67,19656,4518879,57010835.51,1058166,174578208,2551276265.89,229.9,164.98,0.68,26.38,1.58,70.73,0.0,81.49,71.31,58.32,1,1,1,389,-27,1.0
2021-05-27,VTNR,NASDAQ,51742499,92101648.22,152.25,5231051.0,76578,26026719,103329245.77,810565,257019796,1068021312.02,339.87,317.09,0.5,4.97,1.12,11.6,-23.27,12.39,-11.14,52.38,0,0,1,71,-301,1.0
2021-06-09,AEMD,NASDAQ,12150597,26852819.37,379.64,2713259.33,104035,30609246,289063889.73,1074663,253587268,2668934932.09,294.22,235.97,2.52,20.87,10.76,99.39,-13.61,23.88,1.79,-14.55,1,1,0,-254,-326,1.0
2021-06-14,ENOB,NASDAQ,47763220,210635800.2,169.39,106960.0,53920,13380054,146102358.33,602387,105815240,1085679403.67,248.15,175.66,0.28,2.22,0.69,5.15,-47.73,1.19,-42.85,5.74,0,0,1,1,-142,1.0
2021-06-24,MRIN,NASDAQ,10967328,18754130.88,76.02,5755537.33,54790,26344278,76108509.1,513858,196248853,591779583.21,480.82,381.91,2.4,17.89,4.06,31.55,-7.87,37.11,16.61,-15.1,1,1,0,378,-155,1.0
2021-06-30,CUEN,NASDAQ,13739247,38195106.66,195.32,764665.33,64538,17244254,111038049.21,803637,210989214,1611377699.14,267.2,262.54,1.26,15.36,2.91,42.19,-32.76,7.24,-24.24,12.54,0,0,1,11,-173,1.0
2021-07-01,MEDS,NASDAQ,8161457,36073639.94,102.71,437316.67,41933,13730227,117503069.57,369350,96244099,772242683.8,327.43,260.58,1.68,11.79,3.26,21.41,-24.45,9.13,-19.98,-9.21,0,0,0,-14,-122,1.0
2021-07-12,SGOC,NASDAQ,96098647,940805754.13,73.75,43679222.67,26139,7086322,108680006.9,750507,115769569,2609470788.69,271.1,154.26,0.07,1.2,0.12,2.77,-31.03,17.65,17.58,-15.25,0,1,0,98,-330,1.0
2021-07-13,OSAT,NASDAQ,5476918,36531043.06,84.26,1312230.33,66543,18781976,207046353.24,522880,93175584,1089027535.28,282.25,178.2,3.43,17.01,5.67,29.81,-36.97,5.41,-23.84,-10.26,0,0,0,12,-217,1.0
2021-07-14,DTSS,NASDAQ,21474138,62919224.34,113.99,15659584.33,46397,14220383,76844409.52,339669,88596249,458072221.02,306.49,260.83,0.66,4.13,1.22,7.28,-41.81,9.04,-36.52,39.95,0,0,1,1,-313,1.0
2021-07-21,CEMI,NASDAQ,20296231,41810235.86,94.66,642843.33,71622,26087327,107929141.43,1205111,396465236,2227118415.01,364.24,328.99,1.29,19.53,2.58,53.27,-23.17,39.43,33.17,-6.91,1,1,0,96,-330,1.0
2021-07-21,NURO,NASDAQ,5046198,50663827.92,73.41,94051593.67,76326,20568421,307728200.37,610847,89197600,2014175464.51,269.48,146.02,4.08,17.68,6.07,39.76,-46.21,32.06,19.47,85.48,0,1,1,54,-283,1.0
2021-07-22,NURO,NASDAQ,5628907,117081265.6,85.48,123773326.33,40808,10071649,321653050.19,471549,62196436,1743923132.59,246.81,131.9,1.79,11.05,2.75,14.89,-36.18,16.38,-35.9,-3.96,0,0,0,-5,-330,1.0
2021-07-23,SCKT,NASDAQ,7139084,41406687.2,146.55,1703198.0,46889,11599498,156363547.25,339526,52491633,592910636.59,247.38,154.6,1.62,7.35,3.78,14.32,-43.2,5.96,-41.61,-11.5,0,0,0,-40,-330,1.0
2021-08-02,EVK,NASDAQ,14810660,33472091.6,97.35,428465.33,39950,11099706,46758923.89,655217,167903809,860722935.53,277.84,256.26,0.75,11.34,1.4,25.71,-18.33,35.83,13.9,-23.23,1,1,0,79,-139,1.0
2021-08-04,BYSI,NASDAQ,39115208,376679453.04,191.8,110709.0,27361,6391456,210013018.43,613030,83215094,2189624807.8,233.6,135.74,0.16,2.13,0.56,5.81,-11.4,29.22,-5.41,-2.48,1,0,0,-89,-249,1.0
2021-08-18,PMCB,NASDAQ,7634465,26109870.3,84.21,7847937.33,49023,15091010,85497646.46,951796,229471149,1790071394.2,307.84,241.09,1.98,30.06,3.27,68.56,-0.8,62.83,57.14,-57.88,1,1,0,384,-308,1.0
2021-08-19,SONN,NASDAQ,29702970,309843561.26,114.74,1889530.33,60829,26955903,48033436.51,406403,209850047,359839557.28,443.14,516.36,0.91,7.06,0.16,1.16,-41.06,7.96,-23.75,-96.14,0,0,0,-219,-317,1.0
2021-08-20,GRNQ,NASDAQ,67671997,442101156.4,105.11,642809.0,35642,29007213,37408058.25,266836,212659993,245985105.55,813.85,796.97,0.43,3.14,0.08,0.56,-52.21,2.69,-43.29,-88.19,0,0,0,28,-90,1.0
2021-08-20,GOVX,NASDAQ,6327702,27209118.6,72.79,7960191.33,56358,17601557,132135917.74,429685,103636313,687132080.15,312.32,241.19,2.78,16.38,4.86,25.25,-23.87,7.33,-23.15,-6.83,0,0,0,-261,339,1.0
2021-08-23,TRIL,NASDAQ,104814674,638321364.66,190.89,607986.33,13159,17312562,307243003.79,208669,69928981,1233518503.49,1315.64,335.12,0.17,0.67,0.48,1.93,-0.96,1.27,-0.71,0.11,1,0,1,-165,-166,1.0
2021-08-27,SPRT,NASDAQ,24237876,477486157.2,96.14,79543082.0,73841,17956694,735905043.81,1526532,166548605,7045656230.38,243.18,109.1,0.74,6.87,1.54,14.76,-55.89,0.0,-31.86,39.73,0,0,1,195,-330,1.0
2021-08-30,BBIG,NASDAQ,65564435,236388779.25,71.7,87623056.33,95345,40858563,359325784.71,1493368,330699693,2643457601.67,428.53,221.45,0.62,5.04,1.52,11.18,-29.4,8.95,-22.42,43.67,0,0,1,-275,155,1.0
2021-08-31,ACIU,NASDAQ,72652654,507842051.46,71.82,134640.33,66211,17779712,209924257.31,515524,103089052,1115454132.83,268.53,199.97,0.24,1.42,0.41,2.2,-35.53,2.52,-32.31,-4.55,0,0,0,-11,-120,1.0
2021-09-08,KDMN,NASDAQ,172350363,913456923.9,73.21,2229084.67,14486,27910308,257426671.24,176991,146649147,1344081599.06,1926.71,828.57,0.16,0.85,0.28,1.47,-1.41,0.11,-1.2,0.11,0,0,1,-330,-330,1.0
2021-09-17,HLBZ,NASDAQ,29456202,265105818.0,98.78,723030.33,8811,2169694,32931270.42,580644,67742355,1385939809.22,246.25,116.67,0.07,2.3,0.12,5.23,-31.38,15.92,-1.12,-15.21,0,0,0,127,-90,1.0
2021-09-20,ZIVO,NASDAQ,9218657,25812239.6,113.57,54914.0,30934,8233701,52471965.55,532650,120563723,831526272.01,266.17,226.35,0.89,13.08,2.03,32.21,-41.01,3.1,-22.07,-13.73,0,0,0,-99,-321,1.0
2021-09-21,HLBZ,NASDAQ,29507289,423724670.04,138.51,23463294.67,17837,4067990,133730111.2,515188,48144961,1686102021.74,228.06,93.45,0.14,1.63,0.32,3.98,-32.59,3.41,-17.58,-2.45,0,0,0,102,-210,1.0
2021-09-22,MRIN,NASDAQ,15466680,88005409.2,85.94,7992735.67,53617,15386117,161493010.39,642036,145983025,1370017086.18,286.96,227.38,0.99,9.44,1.84,15.57,-15.35,9.25,-12.95,-12.6,0,0,0,-150,52,1.0
2021-09-24,ZIVO,NASDAQ,9218657,31804366.65,94.2,2004998.33,41070,12488549,84598041.49,319047,76356620,479638552.41,304.08,239.33,1.35,8.28,2.66,15.08,-21.92,5.62,-18.66,-10.09,0,0,0,-120,-280,1.0
2021-10-25,MARK,NASDAQ,105108724,2280859310.8,206.45,67249873.67,178363,70074691,524043744.6,1284591,386171919,1800326953.57,392.88,300.62,0.67,3.67,0.23,0.79,-52.99,13.31,-52.63,-91.27,0,0,0,-220,293,1.0
2021-10-25,GRNQ,NASDAQ,77201664,656214144.0,156.47,8575762.0,49830,27947093,54021712.36,427383,249779554,460697982.57,560.85,584.44,0.36,3.24,0.08,0.7,-37.97,14.84,-32.57,-91.77,0,0,0,-13,-329,1.0
2021-10-26,WBX,NYSE,19299044,214219388.4,118.11,193242.0,18199,4509259,123406223.47,235144,29855282,602467107.51,247.78,126.97,0.23,1.55,0.58,2.81,-40.69,11.26,-32.63,2.27,0,0,1,-30,-135,1.0
2021-10-27,CXDC,NASDAQ,70569841,41283356.98,91.45,12701809.33,88872,44738482,61352323.26,324662,189534459,233257931.96,503.4,583.79,0.63,2.69,1.49,5.65,-45.93,10.71,-16.96,-21.56,0,0,0,-330,387,1.0
2021-11-01,ABVC,NASDAQ,27935783,70956888.82,224.8,277755.0,30347,8340385,77383016.77,542892,104151026,884009830.91,274.83,191.84,0.3,3.73,1.09,12.46,-48.42,5.6,-26.91,-15.42,0,0,0,-297,-330,1.0
2021-11-02,OLB,NASDAQ,8701532,39940031.88,71.24,274139.0,19240,5896955,45367473.82,968990,222044674,2163694210.71,306.49,229.15,0.68,25.52,1.14,54.17,-32.81,31.9,9.41,-22.21,0,1,0,118,-44,1.0
2021-11-08,PPSI,NASDAQ,8726045,28359646.25,84.31,81596.0,83958,25433254,143955814.93,1206920,307437094,2430963650.27,302.93,254.73,2.91,35.23,5.08,85.72,-16.4,86.71,73.62,-26.92,1,1,0,297,-90,1.0
2021-11-15,CREX,NASDAQ,11937980,17429450.8,74.66,308437.67,38083,12887927,37417189.96,388741,134269459,397209922.38,338.42,345.4,1.08,11.25,2.15,22.79,-27.02,10.08,2.75,-13.36,0,1,0,-279,-323,1.0
2021-11-15,CSPR,NYSE,41491491,147294793.05,90.99,2870992.33,6988,3777367,24747792.77,67288,20193484,133978894.94,540.55,300.11,0.09,0.49,0.17,0.91,-1.47,1.98,-1.33,-0.6,1,0,0,-74,-123,1.0
2021-11-19,LGVN,NASDAQ,9678569,66491769.03,71.91,92911339.0,80322,21875899,266635888.86,548346,102959721,1144740114.03,272.35,187.76,2.26,10.64,4.01,17.22,-32.0,12.07,-15.07,-13.16,0,0,0,9,-324,1.0
2021-11-22,ISPC,NASDAQ,6996758,34424049.36,131.5,64579.33,63622,15184943,144555880.84,595333,98858133,1019240990.88,238.67,166.06,2.17,14.13,4.2,29.61,-30.46,10.17,-22.04,89.68,0,0,1,14,-90,1.0
2021-11-23,KTTA,NASDAQ,13208371,29190499.91,188.24,481540.0,74913,21267313,115212399.54,838007,189781444,1312549511.51,283.89,226.47,1.61,14.37,3.95,44.96,-34.12,4.87,-12.09,-23.21,0,0,0,75,-131,1.0
2021-11-23,ISPC,NASDAQ,6996758,62131211.04,89.68,32970376.33,36752,9235256,165915238.74,310329,39870050,593245785.76,251.29,128.48,1.32,5.7,2.67,9.55,-28.7,17.77,-21.69,-26.23,0,0,0,-122,134,1.0
2021-11-24,BFRI,NASDAQ,8000000,21040000.0,127.38,252530.0,87557,29404473,144983025.88,807394,226566800,1299418719.29,335.83,280.61,3.68,28.32,6.89,61.76,-29.08,9.89,-12.71,37.93,0,0,1,175,-133,1.0
2021-11-26,ISPC,NASDAQ,6996758,71366931.6,79.51,50097185.67,34859,8335290,146330869.53,611807,70780996,1413845664.62,239.11,115.69,1.19,10.12,2.05,19.81,-29.02,6.64,-4.37,-18.96,0,0,0,121,-330,1.0
2021-11-30,CPIX,NASDAQ,14809628,32581181.6,87.73,6173733.0,38536,12469964,52605559.91,717170,207687987,961148783.64,323.59,289.59,0.84,14.02,1.61,29.5,-8.21,24.81,21.79,-18.09,1,1,0,90,-63,1.0
2021-12-07,SYTA,NASDAQ,5351695,14770678.2,70.29,281620.0,34169,9334396,42090481.82,626803,160625723,973655231.06,273.18,256.26,1.74,30.01,2.85,65.92,-36.11,1.77,-2.13,-12.85,0,0,0,118,-304,1.0
2021-12-08,EFOI,NASDAQ,5087574,9920769.3,79.49,64570.33,75320,23061586,76218940.93,695668,194524736,724590666.95,306.18,279.62,4.53,38.24,7.68,73.04,-24.89,8.5,-5.14,0.3,0,0,1,6,-90,1.0
2021-12-14,GRTX,NASDAQ,26438767,36485498.46,105.07,551766.0,83011,36558799,113861376.09,709446,279452404,842919175.05,440.41,393.9,1.38,10.57,3.12,23.1,-21.97,9.76,-4.59,17.78,0,0,1,-107,-120,1.0
2021-12-20,BRG,NYSE,26270608,405618187.52,71.63,962639.67,9236,2591277,66053263.17,71909,11227560,295239154.39,280.56,156.14,0.1,0.43,0.16,0.73,-1.02,4.58,2.64,-2.57,1,1,0,5,-60,1.0
2021-12-22,SEAC,NASDAQ,49040253,87782052.87,78.77,39155802.67,32756,14973297,44465462.44,461668,217909026,565148276.04,457.12,472.0,0.31,4.44,0.51,6.44,-43.02,2.62,-38.75,2.04,0,0,1,-9,-322,1.0
2021-12-27,MBOT,NASDAQ,7108133,38526080.86,71.4,65639.33,52165,13070777,114527324.15,431586,90910299,802212542.24,250.57,210.64,1.84,12.79,2.97,20.82,-6.77,14.45,-3.66,-13.37,1,0,0,-36,-145,1.0
2021-12-31,NTRB,NASDAQ,7773962,22331895.74,80.31,80723.33,42435,11465706,72529255.43,685251,139369593,1357191226.27,270.19,203.38,1.47,17.93,3.25,60.77,-17.24,52.04,42.98,18.42,1,1,1,53,-81,1.0
2022-01-03,IMMX,NASDAQ,13228689,47094132.84,98.03,159974.67,105094,28342285,170869330.53,756122,149080575,1072066954.11,269.69,197.16,2.14,11.27,3.63,22.76,-33.41,2.66,-18.01,29.24,0,0,1,10,-90,1.0
2022-01-04,PSTV,NASDAQ,15510025,16918335.27,83.35,204949.0,75295,30635963,56386221.81,283388,133835955,224785940.59,406.88,472.27,1.98,8.63,3.33,13.29,-40.74,4.92,-36.0,-7.03,0,0,0,0,-150,1.0
2022-01-05,LIXT,NASDAQ,13746593,18557900.55,122.96,70147.0,54370,22120208,61022552.09,303474,123587897,315905006.16,406.85,407.24,1.61,8.99,3.29,17.02,-28.71,4.74,-26.58,-10.95,0,0,0,-16,-60,1.0
2022-02-03,TLMD,NASDAQ,99274594,63893128.7,335.05,573320.33,9588,8818075,24498331.83,47478,24804304,68951862.59,919.7,522.44,0.09,0.25,0.38,1.08,0.0,4.78,1.79,-0.7,1,1,0,-96,-150,1.0
2022-02-15,RESN,NASDAQ,66999853,82409819.19,256.91,969222.0,3012,3224324,14191617.3,58377,29339275,127176102.02,1070.49,502.58,0.05,0.44,0.17,1.54,-0.23,3.05,0.0,-0.91,1,0,0,-133,-330,
2022-02-23,TEN,NYSE,83132435,829661701.3,94.49,547840.33,4577,2149513,41592468.75,94474,26311848,508824595.59,469.63,278.51,0.03,0.32,0.05,0.61,-0.77,0.52,-0.31,-1.45,0,0,0,-138,-138,1.0
2022-02-24,INDO,NYSE,7447955,56083101.15,87.25,42877467.67,21824,5848699,82000270.83,288605,47006364,579154108.38,267.99,162.87,0.79,6.31,1.46,10.33,-20.18,23.13,-18.09,-13.42,1,0,0,-163,-330,1.0
2022-03-07,HUSA,NYSE,9928338,18863842.2,72.63,2324750.0,33886,9682449,37990689.42,741418,199764225,1352546454.31,285.74,269.44,0.98,20.12,2.01,71.7,-18.94,281.76,244.51,40.8,1,1,1,350,-330,1.0
2022-03-08,NINE,NYSE,32855054,117949643.86,96.94,24983936.0,51712,15849347,106167339.43,386154,82068204,521889611.88,306.49,212.53,0.48,2.5,0.9,4.42,-30.12,19.16,-19.94,-30.3,0,0,0,-34,-286,1.0
2022-03-08,USWS,NASDAQ,52351768,549693564.0,82.86,11498184.33,30914,11140693,34549858.62,169063,68755701,174310997.57,360.38,406.69,0.21,1.31,0.06,0.32,-47.45,21.53,-45.31,-84.48,0,0,0,-18,172,1.0
2022-03-08,HYMC,NASDAQ,60433395,19924890.33,242.74,3493136.33,42329,27454971,25744956.87,261595,202729289,184997721.0,648.61,774.97,0.45,3.35,1.29,9.28,-28.06,49.54,-11.5,-18.0,1,0,0,5,-318,1.0
2022-03-08,ENSV,NYSE,11432284,28580710.0,78.0,10389974.33,12382,4087082,15086113.59,348989,115257147,687554352.54,330.08,330.26,0.36,10.08,0.53,24.06,-52.05,13.21,-5.62,-23.33,0,0,0,98,-122,1.0
2022-03-09,SBFM,NASDAQ,7129778,10837262.56,168.42,75626.67,28052,8519719,42930445.69,248380,65874250,278073966.97,303.71,265.22,1.19,9.24,3.96,25.66,-24.0,20.63,-6.86,-28.59,0,0,0,-240,-274,1.0
2022-03-11,MGLD,NYSE,37485959,81344531.03,79.72,234487.0,12199,3630797,16813897.74,377890,89912795,512858041.64,297.63,237.93,0.1,2.4,0.21,6.3,-42.19,9.6,5.38,18.0,0,1,1,-323,-328,1.0
2022-03-15,HYMC,NASDAQ,60433395,84002419.05,94.96,207017924.33,110988,59966365,149958906.89,594816,331341658,651949728.92,540.3,557.05,0.99,5.48,1.79,7.76,-44.12,1.33,-43.91,4.61,0,0,1,-116,-236,1.0
2022-03-16,SONN,NASDAQ,29702970,114689107.76,79.48,405647.0,32503,32541654,16670705.78,245837,279448775,150271688.55,1001.19,1136.72,1.1,9.41,0.15,1.31,-23.07,17.85,4.04,-92.58,0,1,0,267,-163,1.0
2022-03-17,GLG,NASDAQ,207021577,245631101.11,72.36,6469775.0,19337,20941625,8967391.53,70317,83790427,33642816.34,1082.98,1191.61,0.1,0.4,0.04,0.14,-24.79,1.23,-19.32,-81.82,0,0,0,-330,323,1.0
2022-03-22,DPRO,NASDAQ,33197984,55440633.28,88.02,301349.33,75187,28966644,88846322.01,549865,183842521,579166217.39,385.26,334.34,0.87,5.54,1.6,10.45,-38.54,3.51,-24.84,0.42,0,0,1,9,-135,1.0
2022-03-23,CELZ,NASDAQ,6514723,11075029.1,102.94,1003284.67,53984,20844197,64518733.39,435227,140009982,443216121.23,386.12,321.69,3.2,21.49,5.83,40.02,-20.51,17.87,-10.14,-7.1,0,0,0,1,-175,1.0
2022-04-05,SBFM,NASDAQ,7149778,16158498.28,175.22,189902.67,138307,34391385,191026672.11,666271,155062899,894593217.81,248.66,232.73,4.81,21.69,11.82,55.36,-17.5,15.43,-9.81,-1.07,0,0,0,7,-121,1.0
2022-04-12,LIXT,NASDAQ,13746593,15121252.3,127.27,23082.67,50831,12658291,36886514.23,587742,183120855,643093643.74,249.03,311.57,0.92,13.32,2.44,42.53,-62.83,3.37,-26.4,1.63,0,0,1,19,-60,1.0
2022-04-13,KLDO,NASDAQ,42622559,7331080.15,79.36,15829153.67,21451,22849451,6734343.26,175191,189994283,75465163.93,1065.19,1084.5,0.54,4.46,0.92,10.29,-39.78,0.37,-2.4,39.22,0,0,1,20,-329,1.0
2022-04-20,IO,NYSE,29617040,10810219.6,107.95,5182509.33,20968,15991380,11698533.09,169087,154173976,105659001.78,762.66,911.8,0.54,5.21,1.08,9.77,-17.04,37.94,-8.04,-16.62,1,0,0,-69,-161,1.0
2022-04-21,CYN,NASDAQ,55777997,60240236.76,86.11,110069.67,45202,20120812,37329185.82,571075,221419246,454032793.72,445.13,387.72,0.36,3.97,0.62,7.54,-13.47,28.48,5.47,-12.03,1,1,0,28,-60,1.0
2022-04-25,NKTX,NASDAQ,33009594,256484545.38,86.49,116361.33,52838,11748458,159012227.6,655642,109832042,1738277460.42,222.35,167.52,0.36,3.33,0.62,6.78,-1.21,33.24,29.19,-12.77,1,1,0,382,-147,1.0
2022-04-26,EVOK,NASDAQ,32917901,155477830.0,255.69,43806.0,43837,34004633,39619108.3,247055,215117033,224369768.48,775.71,870.73,1.03,6.53,0.25,1.44,-38.57,3.34,-38.57,-91.52,0,0,0,-1,-81,1.0
2022-04-27,VIVK,NASDAQ,15038619,25716038.49,77.78,49657.33,18529,5601373,19977524.98,268774,80505827,304884641.1,302.3,299.53,0.37,5.35,0.78,11.86,-18.89,23.72,20.07,-15.62,1,1,0,-53,-58,1.0
2022-04-28,IDAI,NASDAQ,52929320,111151572.0,199.52,18140.67,48088,11185320,65112755.41,271457,55417347,353056509.18,232.6,204.15,0.21,1.05,0.59,3.18,-41.61,6.33,-25.28,-13.62,0,0,0,3,-291,1.0
2022-04-28,STAB,NASDAQ,49979531,10445721.98,70.91,7226075.67,22202,25935063,9398843.95,176363,216095541,90640036.47,1168.14,1225.29,0.52,4.32,0.9,8.68,-23.98,11.47,6.41,-10.55,0,1,0,167,-173,1.0
2022-04-29,GTYH,NASDAQ,59408122,168124985.26,118.02,178330.67,1354,3336952,20560850.56,24422,18398996,112840883.6,2464.51,753.38,0.06,0.31,0.12,0.67,-1.77,0.66,-1.3,-0.82,0,0,0,-116,161,1.0
2022-05-12,ALNA,NASDAQ,107725169,8402563.18,115.38,14431607.67,32740,54300512,8633928.1,147694,250673873,40176152.47,1658.54,1697.25,0.5,2.33,1.03,4.78,-36.67,5.56,-20.83,12.56,0,0,1,1,-329,1.0
2022-05-23,CBIO,NASDAQ,31477053,1572611.11,150.0,69690.67,27309,20046758,17903252.81,311995,240688898,275910365.83,734.07,771.45,0.64,7.65,11.38,175.45,-13.61,41.88,33.68,528.84,1,1,1,234,-60,1.0
2022-06-16,ADN,NASDAQ,51612205,59870157.8,150.0,619635.33,50347,16492038,42164687.59,659278,216436871,735448731.2,327.57,328.29,0.32,4.19,0.7,12.28,-10.94,44.57,37.59,-16.04,1,1,0,300,-155,1.0
2022-06-27,AFIB,NASDAQ,28336285,15256255.84,96.88,811342.67,39584,21763506,24022848.07,224503,140777229,151353379.69,549.81,627.06,0.77,4.97,1.57,9.92,-16.87,13.17,-4.72,-11.02,0,0,0,-43,-206,1.0
2022-06-28,KZR,NASDAQ,60415586,349202087.08,90.48,5314146.0,27381,8270626,91341741.49,251104,48722999,469292095.34,302.06,194.04,0.14,0.81,0.26,1.34,-24.77,5.87,-24.7,-2.9,0,0,0,-49,314,1.0
2022-06-29,ALNA,NASDAQ,107725169,12819295.11,117.23,11904519.0,20493,30663424,7415528.5,309073,576064289,194586460.78,1496.29,1863.85,0.28,5.35,0.58,15.18,-42.05,8.51,-1.35,-18.0,0,0,0,23,-137,1.0
2022-07-06,IINN,NASDAQ,10091706,12513715.44,82.26,56219.67,31785,12142869,26491966.96,224246,88746366,202428122.87,382.03,395.75,1.2,8.79,2.12,16.18,-17.36,8.42,-3.1,17.35,0,0,1,8,-60,1.0
2022-07-11,PLRX,NASDAQ,36182297,321298797.36,80.29,111620.67,48821,11058609,154046237.93,572579,83140971,1569605465.0,226.51,145.2,0.31,2.3,0.48,4.89,0.0,45.11,43.66,-2.17,1,1,0,388,-142,1.0
2022-07-12,GOEV,NASDAQ,254326544,602753909.28,96.2,4146839.0,73590,26616158,108946508.81,522953,173979103,741747780.33,361.68,332.69,0.1,0.68,0.18,1.23,-27.4,1.4,-21.94,1.1,0,0,1,10,-330,1.0
2022-07-13,XRTX,NASDAQ,27563000,33626860.0,72.13,10852.67,27127,7174944,17079612.13,89722,23221007,47024789.47,264.49,258.81,0.26,0.84,0.51,1.4,-18.83,13.13,-13.81,-8.84,0,0,0,-141,-150,1.0
2022-07-25,GOVX,NASDAQ,12547829,7967871.42,74.8,764805.33,46457,25862344,27646265.61,323938,213285628,289132223.16,556.69,658.41,2.06,17.0,3.47,36.29,-14.52,57.43,43.24,3.77,1,1,1,332,-77,1.0
2022-07-26,AYLA,NASDAQ,14503743,12618256.41,81.61,656360.0,26174,8690584,14089473.57,244576,101955042,199508074.09,332.03,416.86,0.6,7.03,1.12,15.81,-30.17,12.67,6.96,-11.24,0,1,0,28,-323,1.0
2022-08-02,APDN,NASDAQ,8982520,6117096.12,95.3,85819.67,35804,14208759,19698372.92,297490,117166145,289374312.0,396.85,393.85,1.58,13.04,3.22,47.31,-35.63,115.38,110.53,98.21,1,1,1,339,-117,1.0
2022-08-03,APDN,NASDAQ,8982520,25151056.0,98.21,39110758.67,58300,18576604,100511135.68,370511,108875331,526427507.09,318.64,293.85,2.07,12.12,4.0,20.93,-28.82,14.21,-26.13,8.05,0,0,1,-90,323,1.0
2022-08-08,BNSO,NASDAQ,5828205,27858819.9,132.64,332894.33,10995,2736953,31204167.53,103986,11415452,118168741.33,248.93,109.78,0.47,1.96,1.12,4.24,-34.82,4.93,-29.14,-22.59,0,0,0,-90,-329,1.0
2022-08-18,PSTV,NASDAQ,22197635,12230896.88,94.19,31947976.0,35879,20064797,23361891.57,135151,93484207,89643950.63,559.24,691.7,0.9,4.21,1.91,7.33,-29.33,19.96,-20.75,-14.26,0,0,0,-66,125,1.0
2022-09-06,HYRE,NASDAQ,21973648,17649234.07,76.17,151727.33,37753,21662224,28363580.78,213789,112267868,146827832.69,573.79,525.13,0.99,5.11,1.61,8.32,-13.61,8.55,-10.25,-4.72,0,0,0,0,-150,1.0
2022-09-13,AKRO,NASDAQ,37571426,461001397.02,128.52,462966.33,26952,7570405,195367154.55,449992,49698299,1353826163.97,280.88,110.44,0.2,1.32,0.42,2.94,-2.45,16.15,3.6,0.0,1,1,0,-38,-210,1.0
2022-09-22,SPRO,NASDAQ,35067477,28814945.85,148.27,433769.33,83477,41250164,77046418.56,568473,218597316,492519174.75,494.15,384.53,1.18,6.23,2.67,17.09,-30.82,18.92,7.84,2.95,0,1,1,86,-325,1.0
2022-10-03,LOGC,NASDAQ,32962733,8982344.74,644.95,153951.0,4847,3356836,6540157.04,24504,14434177,28928896.08,692.56,589.05,0.1,0.44,0.73,3.22,-0.99,0.0,-0.99,0.0,0,0,0,-22,-150,1.0
2022-10-04,BTB,NASDAQ,101866794,171289014.11,136.13,1397519.67,22998,19983224,4698355.07,160749,183887168,61348894.3,868.91,1143.94,0.2,1.81,0.03,0.36,-26.15,23.08,20.89,-95.0,0,1,0,78,-194,1.0
2022-10-17,FNHC,NASDAQ,17519237,9110003.24,80.73,30794133.67,10789,7920821,6448564.13,88116,57489831,54191899.11,734.16,652.43,0.45,3.28,0.71,5.95,-26.21,9.71,-11.28,30.73,0,0,1,8,-310,1.0
2022-10-18,AKUS,NASDAQ,36932597,258897504.97,87.02,171987.0,2753,5718625,74835280.71,44644,17415160,228049957.21,2077.23,390.09,0.15,0.47,0.29,0.88,-1.2,2.25,0.61,0.38,1,1,1,-159,-160,1.0
2022-10-27,USER,NYSE,144713010,558592218.6,92.75,254552.0,1851,4464146,33084273.72,58682,21340320,158553501.83,2411.75,363.66,0.03,0.15,0.06,0.28,-3.52,0.14,-0.54,0.0,0,0,0,1,-48,1.0
2022-11-09,MACK,NASDAQ,13410243,53640972.0,215.75,17819.33,29634,7485376,89229699.68,244238,34396645,417292359.99,252.59,140.83,0.56,2.56,1.66,7.78,-8.42,11.8,-0.95,-4.0,1,0,0,-114,-290,1.0
2022-11-21,IMGO,NASDAQ,33822201,588506297.4,105.0,103857.67,2290,2167362,77264414.38,48223,20442978,727848169.85,946.45,423.93,0.06,0.6,0.13,1.24,-0.45,0.42,-0.22,0.03,0,0,1,-151,-165,1.0
2022-12-12,HTGM,NASDAQ,11049948,71603663.04,207.41,15654282.33,67898,30253311,42389316.8,360349,146446095,205956184.48,445.57,406.4,2.74,13.25,0.59,2.88,-48.22,6.06,-38.55,-93.1,0,0,0,5,-229,1.0
2022-12-12,APVO,NASDAQ,5007241,17391149.44,98.09,60881.67,35259,8846819,60012820.0,219860,39448370,231203303.55,250.91,179.42,1.77,7.88,3.45,13.29,-45.69,2.62,-43.17,-10.74,0,0,0,-294,-86,1.0
2022-12-19,CEI,NYSE,719145888,2229352252.8,93.55,94533565.0,65124,132729472,15821189.41,349201,792306563,98131220.03,2038.1,2268.91,0.18,1.1,0.01,0.04,-28.05,7.2,-10.67,-98.17,0,0,0,-328,-330,1.0
2022-12-21,VERO,NASDAQ,73875328,18616582.66,94.44,244267.0,24217,17583177,8208839.4,92049,78149721,33977413.81,726.07,849.0,0.24,1.06,0.44,1.83,-45.82,2.72,-39.18,-6.04,0,0,0,-85,387,1.0
2022-12-22,APE,NYSE,531716231,364225618.24,79.56,9244447.0,44036,29390268,35853640.16,301652,180271312,217832787.63,667.41,597.61,0.06,0.34,0.1,0.6,-13.04,16.5,-2.44,40.83,1,0,1,-42,-61,1.0
2022-12-23,XPON,NASDAQ,6802464,6683420.88,204.33,1393236.33,32166,7191075,22019443.13,196999,49054556,132987008.09,223.56,249.01,1.06,7.21,3.29,19.9,-37.17,10.33,-21.4,-5.11,0,0,0,1,284,1.0
2022-12-27,ELYS,NASDAQ,61767845,10784665.74,102.46,4723807.33,6587,5163935,1632877.84,94745,92871660,37113861.42,783.96,980.23,0.08,1.5,0.15,3.44,-26.0,31.67,4.67,-7.35,1,1,0,47,-152,1.0
2023-01-03,JSPR,NASDAQ,37984368,18342651.31,210.62,379798.0,30788,14295436,16424425.16,173312,63698422,144735971.79,464.32,367.54,0.38,1.68,0.9,7.89,-27.89,86.39,82.67,-7.3,1,1,0,201,-90,1.0
2023-01-04,VVOS,NASDAQ,23012119,17028968.06,178.38,646687.0,68351,23352190,34288373.34,323459,113469683,241355859.74,341.65,350.8,1.01,4.93,2.01,14.17,-36.53,7.43,-8.74,-15.96,0,0,0,66,-273,1.0
2023-01-05,BLPH,NASDAQ,9545451,8732178.57,274.95,25865.67,55787,12680960,30347210.9,238285,59173022,147014201.06,227.31,248.33,1.33,6.2,3.48,16.84,-34.57,11.71,-33.24,-14.41,0,0,0,0,-60,1.0
2023-01-05,ABVC,NASDAQ,32632329,20232043.98,106.45,36606.0,27672,8052294,11258334.87,134008,43788026,59654670.96,290.99,326.76,0.25,1.34,0.56,2.95,-42.78,5.94,-16.41,-12.17,0,0,0,27,-60,1.0
2023-01-06,SPRB,NASDAQ,23560250,29450312.5,153.6,1300740.33,72297,15105896,43717317.28,260951,63553375,168653030.21,208.94,243.55,0.64,2.7,1.48,5.73,-28.4,10.5,-23.66,14.05,0,0,1,0,-279,1.0
2023-01-17,CLXT,NASDAQ,48844619,9070445.75,156.76,1005244.67,28768,21639551,9235969.57,105328,83988999,34012855.07,752.21,797.4,0.44,1.72,1.02,3.75,-30.41,9.69,-25.9,-5.66,0,0,0,-12,-180,1.0
2023-01-20,GNS,NYSE,16155810,33765642.9,142.58,96761932.33,184114,47634858,202423398.68,807786,231767290,875504250.12,258.72,286.92,2.95,14.35,5.99,25.93,-37.57,16.97,-36.09,6.17,0,0,1,-15,-330,1.0
2023-01-20,HLBZ,NASDAQ,83871840,10324623.5,115.27,19632935.67,63142,87190960,18225097.34,387552,644150410,162532423.64,1380.87,1662.1,1.04,7.68,1.77,15.74,-44.8,9.93,-23.13,46.34,0,0,1,16,-156,1.0
2023-02-03,HSCS,NASDAQ,8210503,11658914.26,85.21,2318204.67,21528,5988457,14838795.44,211656,66525316,195419752.7,278.17,314.31,0.73,8.1,1.27,16.76,-13.92,62.67,29.28,-13.82,1,1,0,317,-321,1.0
2023-02-08,CELZ,NASDAQ,14076246,7281642.06,164.84,123779.33,67749,32336035,39658579.69,299993,137828477,162956386.96,477.29,459.44,2.3,9.79,5.45,22.38,-26.76,6.0,-24.09,-3.86,0,0,0,0,-90,1.0
2023-02-09,WLDS,NASDAQ,11136850,7010647.08,77.92,179189.0,45569,21141774,22994249.47,146205,63549571,66668282.81,463.95,434.66,1.9,5.71,3.28,9.51,-29.46,5.2,-18.75,-8.79,0,0,0,1,-204,1.0
2023-02-09,HPCO,NASDAQ,32982605,24901866.77,78.81,1074090.33,16417,4127258,5460127.46,430938,134913814,428740045.9,251.4,313.07,0.13,4.09,0.22,17.22,-2.0,252.0,225.93,-61.14,1,1,0,382,-60,1.0
2023-02-15,RNAZ,NASDAQ,12977234,6099299.98,90.96,1127387.67,29311,13846493,12621116.39,88099,40724053,33512940.67,472.4,462.25,1.07,3.14,2.07,5.49,-26.37,10.02,-25.35,-21.33,0,0,0,-149,292,1.0
2023-02-16,NEXI,NASDAQ,26078451,10692164.91,78.05,91368.33,29187,16695799,11312398.51,109510,62588476,42640629.68,572.03,571.53,0.64,2.4,1.06,3.99,-26.28,9.91,-17.79,-7.47,0,0,0,5,-149,1.0
2023-02-16,TA,NASDAQ,14837240,733553145.6,70.91,80589.67,931,1123437,94930472.38,51144,10597726,894135353.3,1206.7,207.21,0.08,0.71,0.13,1.22,-0.2,0.45,-0.08,-0.04,1,0,0,-60,-90,1.0
2023-02-17,IBIO,NYSE,12369154,9279339.33,117.28,1885043.67,25935,9365401,16298687.9,184741,80345730,129980903.89,361.11,434.91,0.76,6.5,1.76,14.01,-25.63,11.28,-9.2,2.7,0,0,1,-323,132,1.0
2023-02-27,LHDX,NASDAQ,40598954,5683853.56,396.29,38242007.0,80248,63445969,35622826.19,313899,278470416,156814843.56,790.62,887.13,1.56,6.86,6.27,27.59,-32.02,17.24,-26.6,-11.76,0,0,0,-15,-152,1.0
2023-02-28,CDIO,NASDAQ,9514743,12700278.96,183.19,91384.33,79171,19764075,59483097.41,368053,100099162,329386293.99,249.64,271.97,2.08,10.52,4.68,25.94,-13.75,18.97,-8.73,-1.45,1,0,0,0,-90,1.0
2023-03-03,OBSV,NASDAQ,108620471,11513769.93,97.08,21609205.67,29326,27967195,5804377.0,157223,197590304,45239917.07,953.67,1256.75,0.26,1.82,0.5,3.93,-19.72,30.39,10.1,-2.96,1,1,0,350,157,1.0
2023-03-06,UNCY,NASDAQ,15088670,7393448.3,187.76,81723.0,57840,22095070,26335191.9,268294,103033496,133033409.16,382.0,384.03,1.46,6.83,3.56,17.99,-23.93,9.73,-12.06,17.74,0,0,1,17,-150,1.0
2023-03-08,KBAL,NASDAQ,36599289,245581229.19,78.69,129599.33,6252,2909592,34190359.93,62502,11743079,142576908.81,465.39,187.88,0.08,0.32,0.14,0.58,-0.56,3.78,3.17,-0.49,1,1,0,29,-159,1.0
